author_name,n_pub
Florent Benaych-Georges,0
Frederique Crete,0
Maryam Karimzadehgan,15
Fabio Massimo Zanzotto,48
Stefano Serra-Capizzano,34
Marco Cerami,0
Anurat Chapanond,0
Ajo Fod,0
Gilles Degottex,1
Erik Bylow,0
Pierre Bonami,27
Daniel Stutzbach,12
Per Martin-Löf,0
Slim Essid,8
Vincent Perlbarg,0
Hedi Tabia,18
Koji Nonobe,0
Sonja Zehetmayer,0
Alexandrina Orzan,5
Christian Goerick,34
Yury Ustinovskiy,8
Felipe Bravo-Marquez,17
Vasileios Lampos,15
Eiichiro Sumita,112
Yasser Ganjisaffar,6
Patrick Eyerich,16
Marin Ferecatu,14
Benjamin Markines,13
Pavol Hell,113
Mark Hübener,0
Wayne A. Wickelgren,0
Simon Kasif,45
Gergely Csibra,0
Mike Stilman,0
Nuria Pelechano,24
Sorathan Chaturapruek,6
Juan A. Recio-García,36
Michael W. Hofbaur,0
Armin Kanitsar,17
Regis Bonnefon,0
Johannes Hoffart,22
Richard J. Preen,12
Anton Andriyenko,4
Samuel Rota Bulò,27
Shady Elbassuoni,27
Antonio Criminisi,76
Dan Alistarh,77
Savas Konur,16
Paulo Shakarian,51
Leonardo Lesmo,47
Moni Naor,189
Nikolai Malykhin,0
Ilkka Norros,23
Line Eikvil,0
Ali Kemal Sinop,16
Manohar Shamaiah,0
H. Sheikh Faridul,0
Christoph Zetzsche,19
Nader H. Bshouty,124
Georgia Gkioxari,0
Elie Bursztein,45
Igor Labutov,10
Ugur Kuter,46
Uwe Hamhaber,0
Norbert Fuhr,130
Jan Stühmer,0
Walter Kintsch,5
Richard H. R. Hahnloser,12
Boris Babenko,0
Trey Hedden,0
Andrea Hasenstaub,0
Masoud Valafar,6
Peyman Afshani,34
Eugene Charniak,108
Scott Buffett,22
Robert E. Mahony,41
Jonathan Schler,17
Anders Kofod-Petersen,16
Hagit Shatkay,36
Gerhard Lakemeyer,138
Wagner A. Kamakura,0
Tonja R. Nansel,0
Ken Sadohara,0
Lokenath Debnath,0
Krzysztof C. Kiwiel,0
Kostas Kolomvatsos,38
Farid Melgani,18
Johannes Oetsch,20
Ants Torim,4
Joseph L. DeRisi,0
Alborz Geramifard,15
Daniel D. Corkill,49
Stian Normann Anfinsen,0
Ron O. Dror,21
Alexander Kläser,0
Ulrich Güntzer,45
Francis wyffels,13
Ali Bashashati,0
Tamim Asfour,56
Dorsa Sadigh,19
Giulio Sandini,79
Ofer Malcai,0
Jochen Kleres,0
Raouf Benjemaa,0
Margaret M. Wiecek,0
Idan Gabdank,0
Craig F. Ansley,0
Matthieu Basseur,17
Axel Målqvist,0
Stefan Chanas,0
Julian Besag,0
Nils Einecke,6
Gil Alterovitz,0
Roberto D. Pascual-Marqui,0
Bruno H. Repp,0
Volodymyr Mnih,14
Andrea Capotorti,0
John P. Fishburn,18
Luca Cernuzzi,18
Dariusz Plewczynski,18
Enislay Ramentol,0
Christian Beder,0
Zachary T. Harmany,0
Jivko Sinapov,26
Eleftherios Kofidis,0
Thomas Proisl,0
Kevin Schelten,0
Richard D. Pezner,0
Mathias Eitz,12
Benno Schwikowski,12
Marc Arnaudon,0
Adelchi Azzalini,0
Giannis Varelas,2
Sven Seuken,42
Henk J. A. M. Heijmans,0
Patrick E. Shrout,0
Gottfried Tinhofer,0
Carol Myers-Scotton,0
Douglas S. Brungart,4
Matthew F. S. Rushworth,0
Diego A. Socolinsky,0
Xavier Amatriain,17
Oliver Mülken,0
Ludovic Lebart,0
Przemyslaw Prusinkiewicz,57
Wolfgang Macherey,9
Bogdan Babych,11
Ilan Sutskover,0
Olivier Lartillot,8
Rob Drullman,0
Dimitris Kontokostas,16
Antonin Chambolle,0
Thierry Bertin-Mahieux,3
Juan Bekios-Calfa,5
Sylvia Frühwirth-Schnatter,16
Jeffrey Hoffstein,0
Su Mon Kywe,0
Phil Husbands,66
Ellen M. Markman,0
Víctor Gutiérrez-Basulto,18
Nathan Halko,0
Jussi Karlgren,49
Dimitris Berberidis,8
Xavier Naturel,6
Pascal Koiran,83
Malte Darnstädt,0
Philippe Duchon,14
Cinzia Carota,0
Liat Ein-Dor,5
Michael L. Littman,177
Ben Goertzel,76
Mark M. Tobenkin,6
Fred Morstatter,34
Vincent Duquenne,0
Benjamin Inden,7
Paul Kleihues,0
Gabrielle Girardeau,0
Florian Yger,0
Yllias Chali,28
Carlo Strapparava,77
Michael Guntsch,0
Ruggero G. Pensa,35
Aleš Tamchyna,5
Kumar Sricharan,8
Andreas Hellander,14
Moritz Göbelbecker,7
Steven C. H. Hoi,173
Hans-Georg Gadamer,0
Ehsan Shareghi,1
Pablo Rodriguez-Mier,0
Joel B. Predd,0
Andris Ambainis,108
Nicolas Ballas,11
Dan Gusfield,93
Cyrus M. S. Nambakhsh,0
Arnaud Charnoz,0
Kathleen M. Giacomini,0
David T. Gering,0
Arnold Meijster,0
Daniel Mailharro,0
Bruno Dutertre,27
Andrea Giovannucci,20
Petter Strandmark,0
Saso Dzeroski,156
Andrew Berchuck,0
Marco Zaffalon,72
Anika Oellrich,0
Umut Topkara,11
Nicolaos B. Karayiannis,0
Robert Plutchik,0
Gareth A. Tribello,0
Lukas Cavigelli,6
Omer Reingold,94
Victoria Groom,6
Ilaria Gori,8
Olga Vechtomova,25
Kai Lawonn,29
Etienne Coutureau,0
Jose M. Chaquet,0
Claire Caillerie,0
Marius Bulacu,0
Sorin Draghici,1
Ilya Lipkovich,0
Munir Cochinwala,18
Svetlana Kiritchenko,16
Ildiko Suveg,0
Trond Grenager,8
Nur Arad,0
Allan Heydon,10
Wouter de Nooy,0
Mihael Ankerst,11
Kevin W. Boyack,19
Michael Hagenau,0
Anja Brakensiek,0
Mario Vanhoucke,0
Kyle Steenland,0
Giuseppe Vitiello,0
Tamara Polajnar,14
Joel Nothman,7
Sauleh Eetemadi,0
Julie Tibshirani,2
Moshé M. Zloof,19
Samory Kpotufe,15
Filip Jurčíček,10
Jens Kohlmorgen,0
Rikard Berthilsson,0
Georg Kail,0
Kirsten Bouchelouche,0
A. Taracchini,0
Roberto Toldo,0
Lars Ruthotto,0
Jan Elseberg,0
Silke Steingrube,0
Ienkaran Arasaratnam,0
Ch. A. Charalambides,10
Matthias Butenuth,0
Meir Kalech,54
Olivier Corby,38
Walid Krichene,13
Ivan Markovsky,26
Veronica Biazzo,0
Pierre Gançarski,36
Lloyd N. Trefethen,86
Tomer Amiaz,0
Magnus Axholt,8
Brahim Chaib-draa,99
Shai Revzen,0
Leonid Peshkin,14
Jean Jacod,0
Giuseppe De Nicolao,16
Brandon Reagen,13
Benny Kimelfeld,92
Joseph Shtok,0
Alberto Dainotti,51
Rosemary Emery-Montemerlo,2
Branislav Bošanský,31
Hans Op de Beeck,0
Wilko Henecka,8
Olivier Querbes,0
Rastislav Bodik,82
Nicoletta Calzolari,53
David Austen-Smith,0
Peter Schachte,31
Lars Floreby,0
Alan Jern,5
Lénaïc Chizat,0
Stergios I. Roumeliotis,47
Marián Boguñá,4
Cathy Maugis,0
Filareti Tsalakanidou,0
Thorsten Bernholt,12
Christopher S. G. Khoo,13
Jason D. Hartline,69
Gianluigi Pillonetto,33
Vytautas Perlibakas,0
Artan Dermaku,0
Valiantsin Hardzeyeu,0
Sadao Kurohashi,80
Steven Lobregt,0
Peter Imming,0
Ehud Friedgut,19
Eyal Even-Dar,33
Nikolaos Gkalelis,14
Ken Perlin,78
Soumia Ichoua,0
Bart Bogaerts,17
George K. Atia,0
Omar Odibat,4
Daniel Sharvit,3
Simon De Deyne,0
Christoph Strecha,0
Niels G. Waller,0
Inderpal Singh Mumick,45
Luca Chittaro,116
Olli Viikki,0
Bakhtiar Feizizadeh,0
John K. Kruschke,0
Pedro Zaballos,0
Rodney G. Downey,59
Raymond E. Slyh,0
Søren Hauberg,0
Ekhlas Sonu,7
Herbert W. Hethcote,0
Katerina Fragkiadaki,0
Jean-Philippe Vandeborre,22
Taufik Abrão,0
Arnulf Jentzen,0
Mehran Sahami,71
Florence d'Alché-Buc,23
Behnam Neyshabur,0
Marcos Faundez-Zanuy,0
Laurent Mascarilla,0
Nicolas Gourier,3
David Pullar,0
Rebecca J. Passonneau,55
Rolf Rabenseifner,32
Jan J. Koenderink,74
Giuseppe Carenini,77
Michael Wibral,0
Eric A. Pohlmeyer,0
Miguel Lázaro-Gredilla,18
Nazlı İkizler,0
Aleksandr Chuklin,16
Vikram V. Appia,0
Mazen Malek Shiaa,0
Coren L. Apicella,0
Scott Steinschneider,0
Kiyosumi Kidono,0
Marina Drosou,13
Alan Lukezic,0
Dariush Divsalar,0
Bharath Dandala,1
Bill P. Buckles,49
Aaron Carass,0
Roni Parshani,0
Kambiz Ghazinour,16
George H. Polychronopoulos,0
Yassine Mrabet,6
Frank Pfenning,132
Robert Gütig,0
Hervé Jégou,4
James P. Delgrande,116
David A. Jaffray,0
Bart Thomee,31
Satchuthanan R. Branavan,0
Enrique Meléndez-Hevia,0
Stef van Buuren,0
Vladimir Vacic,0
Olaf Mersmann,15
Michael Hohenbichler,0
Päivi Majaranta,30
Tony Veale,62
Arridhana Ciptadi,4
Lin Padgham,128
Michael D. Muhlbaier,0
Roy H. Perlis,2
Quan Huynh-Thu,0
Venkat N. Gudivada,24
José Zariffa,0
Skipper Seabold,0
Gabriella Kazai,84
Burcin Bostan-Korpeoglu,0
Ani Nenkova,44
Benjamin B. Kimia,62
Boris Pittel,53
José J. Ramasco,3
Yuval Ishai,134
Patricia M. Grambsch,0
Stefan Soutschek,0
Hajime Mushiake,0
Wojciech Galuba,10
Efstratios Gallopoulos,56
Szymon Jaroszewicz,29
D. Marc Kilgour,48
Alessandro Daducci,0
Jason D. Papastavrou,0
Adi L. Tarca,0
Marco Attene,37
Vivek Srikumar,15
Amit Aides,0
Fabio Crosilla,0
Kfir Gedalyahu,0
Hetunandan Kamisetty,5
Claudio Bettini,98
Nathanael Hyafil,7
Andrea Capocci,4
Erik Štrumbelj,15
Bruno Apolloni,0
Constantinos Lalos,8
Stefan Heldmann,0
Mats Viberg,0
Klaus J. Hopt,0
Christoph Aistleitner,0
Wolf Vanpaemel,0
Yoshihisa Ninokura,0
Matthias Moosmann,0
Kazimierz O. Wrzeszczynski,0
Alain Barrat,15
Kristoffer Öfjäll,0
Elad Moisseiev,0
Stéphane Gaïffas,10
Susana Vinga,17
Yaakov Bar-Shalom,0
Giovanni Luca Ciampaglia,8
Lance J. Rips,0
Rodrigo A. Botafogo,8
Daniel Berrar,17
Cláudia S. Rola,0
András Kornai,21
Loukas Grafakos,0
Pietro Muliere,0
Ulas Bagci,0
Sifis Micheloyannis,0
Mohammad Ali Maddah-Ali,31
Thierry Lecroq,[]
Wolfgang Hackbusch,0
Amos Lapidoth,0
Peter Nillius,0
Sanja Štajner,6
Rachel Ben-Eliyahu-Zohary,22
Philip V. Ogren,8
J. Vernon Henderson,0
Christopher Knievel,0
Veysel Gazi,0
Anneleen Vergult,0
Bjørn Skovlund Dissing,0
Karl F. MacDorman,19
Ruhi Sarikaya,23
Olivier Fourdrinoy,0
Raul Mur-Artal,0
Kresimir Matkovic,0
Robert Laubacher,6
Arnaud Sahuguet,19
Yoram Gdalyahu,0
Salvatore Tabbone,62
Sylvain Gelly,12
Stephen Ranshous,0
Nicholas R. Howe,21
Yann Barbotin,0
Erlend Hodneland,0
Jürg Schelldorfer,0
Hassan Sayyadi,9
Alex Krizhevsky,4
Choukri Mekkaoui,0
Mohamed Bouguessa,20
Florentina Paraschiv,0
Mourad Bessaou,0
Mathieu d'Aquin,79
Amalia Cifor,0
Alexander Lorbert,0
Marek Grzes,23
Frederik Transier,4
Sabri Boughorbel,9
Pedro Gil-Jiménez,0
Teresa Farroni,0
Mohammed Goryawala,0
Sepandar D. Kamvar,17
Federico Sangati,6
Cesare Furlanello,23
Thomas C. Rindflesch,39
Mohammad Shahidehpour,0
Ehsan Aganj,0
Silvia Angilella,0
Katja Astikainen,0
Peter Ursic,0
Christos Gkantsidis,35
Azadeh Kushki,0
Hiroto Saigo,11
Panagiotis C. Petrantonakis,0
A. M. Vershik,0
Jeffrey Scott Vitter,269
Koen Simoens,10
Khalid Elgazzar,16
Ugo Pastorino,0
Svatopluk Poljak,0
Elham Semsar-Kazerooni,0
Lee A. Feldkamp,0
Sharon Greenblum,0
Ramazan Gençay,0
Chandra Chekuri,130
Alan Herschtal,2
Judit Bar-Ilan,57
Rachel L. Richesson,0
Asha Vellaikal,7
Alain Billionnet,27
Rohit Pandharkar,0
Marta Sales-Pardo,0
Vladimir V. V'yugin,22
Hala Bezine,0
Mikael Sunnåker,0
Julie Grèzes,0
Yevgeny Seldin,17
Antonio R. Damasio,0
Nicole Novielli,38
Jörg Cassens,14
Alejandro Torreño,8
Manuel A. Pérez-Quiñones,119
Roland Kwitt,21
Jens Graupmann,5
Liliane Ramus,0
Patrick Labatut,0
Ben Upcroft,0
Helge Seetzen,12
Vito Trianni,23
Naama Barnea-Goraly,0
Ryan Kiros,11
Heiko Paulheim,75
Toshihiro Kamishima,24
Ulrich Klank,0
Tibor Csendes,28
David L. Gilden,0
Albena Tchamova,0
Alexandros Labrinidis,78
John C. Sherblom,0
Frédéric Pennerath,7
Naif Alajlan,0
Nils Dahlbäck,17
Julia L. Higle,0
Michael P. Vitus,0
Hauke Strasdat,0
Abdulrahman Almuhareb,3
Bernard Mettler,0
Venkatesh Saligrama,58
Samantha Riccadonna,0
Michael D. Garris,0
David Burshtein,0
Georgios I. Goumas,41
David E. Rumelhart,45
Laura Elena Raileanu,0
Titus O. Awokuse,0
Delaney Granizo-Mackenzie,0
Mehrdad Farajtabar,22
Victor M. Panaretos,0
Mario Roederer,0
Elisa Drelie Gelasca,0
Esmat Rashedi,0
Itai Himelboim,0
Rebecca Smith-Bindman,0
Arnout C.C. Ruifrok,0
John G. Proakis,30
Jan Prokaj,6
Alexandre Vidmer,0
Wietske van der Zwaag,0
Merlise A. Clyde,2
Lykomidis Mastroleon,0
Marjan Ghazvininejad,4
Kyle Mahowald,0
Werner Trobin,0
Aleks Jakulin,6
Julian Fierrez,68
Hal Daumé,87
Jérôme Callut,0
Oleg Kuybeda,0
Olivier Cappé,22
Dante Mantini,0
Ursula Nestle,0
Jon Atle Gulla,59
Robert Brummayer,9
Vlad Tanasescu,15
Jonathan A. Kelner,26
David Luebke,96
Peter Alriksson,0
Fosca Giannotti,116
Oben M. Tataw,4
Valentin Nedelcu,0
Rudolf Lioutikov,9
Lester Ingber,0
H. Jaap van den Herik,15
Kave Eshghi,12
Suchi Saria,12
Kosta Ristovski,6
Abdel Wahab Zramdini,0
H. Hennansky,0
Christos Christodoulopoulos,6
Mert R. Sabuncu,0
Alex Lenkoski,0
Matjaz Kukar,0
Dinu Coltuc,13
Jarmo Huuskonen,0
Gernot Akemann,0
Fintan Costello,16
Gheorghe Comanici,9
Mathias Niepert,47
Andrey Balmin,34
Joxan Jaffar,69
Malcolm Slaney,46
Farhang Sahba,0
Greg Restall,0
Pawel Matykiewicz,8
Elena Nabieva,0
Shafiq R. Joty,34
Jean-François Aujol,0
Fedor Zhdanov,11
Tara N. Sainath,12
Srikanth Cherla,2
Veronica Maidel,2
Sudarshan Guruacharya,0
Cédric Vonesch,0
Michael Kommenda,30
Taner Bilgiç,0
Angelo Ranaldo,0
Valentina Sintsova,2
Heba Abdelnasser,4
Ben Liblit,52
Horst Samulowitz,38
Kevin S. Killourhy,10
Rafael Uetz,1
Alexander Scivos,0
Alex Aussem,0
Donald M. Topkis,0
Swapna Somasundaran,13
Ilia Nouretdinov,0
Chi-Ren Shyu,24
Stavros S. Cosmadakis,[]
Hartmut Obendorf,13
Guy G. Helmer,0
Yiftach Eisenberg,0
Andrew P. Yonelinas,0
Emmanuel Keuleers,0
Spyros Matsoukas,18
Elias Raftopoulos,4
Itzhak Gilboa,24
Leslie C. Twilley,0
Søren Fiig Jarner,0
Andreas Klöckner,11
Sam Ransbotham,0
Ignat Domanov,0
Tom Crecelius,5
Oana G. Cula,0
Burkhard C. Schipper,5
Vladimir B. Teif,0
Sophia Katrenko,12
David Steurer,44
Klaus Kollreider,0
Sarah Alice Gaggl,0
Maria-Iuliana Bocicor,0
Alain Ratle,0
Peter Bodik,29
Roberto Segala,57
Carla S. Möller-Levet,0
Georgia Perakis,33
Andrew P. Witkin,41
C. Seshadhri,65
Angelo Oddi,0
Vignesh Jagadeesh,11
Pritam Gundecha,9
Tamer Rabie,13
Szabolcs Kéri,0
Philippe Jégou,0
Toni Rietveld,0
Edo Liberty,26
Konstantinos Makantasis,7
Artem Rozantsev,0
Douglas H. Wedell,0
Efstathios Hadjidemetriou,0
Chesner Désir,0
Nikolay Savinov,0
Christian Liebchen,0
Claudia E. Rodriguez-Carranza,0
Kai Labusch,0
Gianfranco Doretto,13
Erik C. D. van der Werf,0
Hartmut Surmann,0
Timur R. Almaev,5
Penelope Sibun,9
Ohil K. Manyam,0
Mohamed Dahmane,0
Nina Tahmasebi,10
Boris Mailhé,0
Franck Mamalet,0
Paul Scovanner,1
Paolo Ciaccia,72
Martin Tchernookov,0
Nikolaos Mitianoudis,0
Srikanta J. Bedathur,58
Luis Muñoz-González,9
Miyuki Koshimura,24
Karthik Sindhya,10
Maxim A. Babenko,23
Janne V. Kujala,0
Nicolas Usunier,45
Dirk Thierens,74
Nalini K. Ratha,58
Prashanth Mannem,9
Robert H. Shumway,0
Yedid Hoshen,0
Roy W. Tromble,5
David H. Brainard,5
Mor Naaman,85
John Dickhaut,0
Ceyhun Burak Akgül,12
Daniel Erro,11
Dieter Devlaminck,0
Ross Ihaka,1
Radu Stefan Niculescu,10
Ka Cheung Sia,6
Jonathan Tapson,10
Raymond C. Kurzweil,0
Chris Lattner,12
Samuel Kaski,143
David F. Dinges,0
Jérôme Berclaz,0
Daniel Preoţiuc-Pietro,10
Codruta Orniana Ancuti,10
Ruth Rosenholtz,17
Anastasios Zouzias,12
J. Assfalg,24
Jonathan M. Borwein,89
Jason Zutty,6
Dániel Kondor,1
Michael Gribskov,9
Leah S. Larkey,10
Oren Boiman,0
Pietro Ducange,0
Piotr Borzymek,0
Jason A. Fuemmeler,5
Martin Kaltenbrunner,19
Mortaza Doulaty,3
Shahriyar Matloub,0
Corrado Loglisci,30
Yves Deville,68
Anastasia Moumtzidou,16
J. Scott Penberthy,0
Benjamin Zapilko,15
Milos Krstajic,0
Othalia Larue,8
Karim S. Kassam,0
AbdelRahim A. Elmadany,2
Jerome R. Busemeyer,20
Can Ceritoglu,0
Yanir Seroussi,7
Duy Nguyen-Tuong,11
Kirill Dyagilev,5
Maryam Ziaeefard,0
Jalal Mahmud,55
Nikola Banovic,26
Elena Stringa,0
Amalia F. Foka,2
David Bonnafous,0
Élodie Choquet,0
Tim Baarslag,31
Ulrik Brandes,90
Marco Callieri,31
Stefan Kombrink,0
Michael Bauland,10
Hermann Minkowski,0
Ioannis Korkontzelos,17
Gerhard Wäscher,0
Ana Alvarez-Requejo,0
Rehan Akbani,8
Rok Gajšek,0
Aaron Jaech,2
Hazem Elmeleegy,20
Edward J. Bedrick,0
Arlind Kopliku,7
Maria Fernanda Caropreso,6
Stefan Schwendimann,0
Eric Jacquet-Lagrèze,0
Bruno Courcelle,83
Robert Dürichen,5
Arno J. Knobbe,37
Julio Fernandez-Mendoza,0
Wojciech Matusik,177
Peter Carbonetto,6
Carlos López-Martínez,0
Amir Aavani,0
Luca Pulina,37
Nizar Zaghden,2
Karthik Lakshmanan,26
Dirk Loeckx,0
Paul C. Leopardi,0
Petra Geutner,0
Frédéric Abrard,0
Sabri Boutemedjet,0
Ozgur Kisi,0
Sergio Barbarossa,0
Laura Dabbish,85
Alan D. Sokal,0
Leandro L. Minku,51
Rémi Barland,0
Sally Bamford,0
Saher Esmeir,13
Martin A. Giese,56
Olivier Lhomme,0
Igor V. Cadez,11
Lars Bo Jeppesen,0
E.A.B. Over,0
Johannes Bjerva,1
Yuji Iwahori,59
Ulrich Weidenbacher,4
Herbert Ramoser,0
Jesia Zakraoui,0
Matthew T. Weirauch,0
Sugama Chicklore,0
Jeffrey K. MacKie-Mason,24
Virginia Ruiz-Albacete,0
George M. Whitesides,0
Braxton Osting,6
Axel T. Brunger,0
Daniel M. Greenberger,0
Rodrigo de Oliveira Plotze,0
Ljiljana Platisa,0
Klaus Pfurtscheller,0
Zoltán Kövecses,0
Stamatia Giannarou,0
Elaine Walster,0
Deanna Needell,4
Peter M. Bentler,0
Varun Jampani,3
John T. Schousboe,0
Ioannis S. Gousias,0
Felix Salfner,22
Radomír Měch,36
Bart P. Knijnenburg,59
A. E. Eiben,118
Lenhart K. Schubert,77
Amel Ksibi,0
Eric Sven Ristad,22
Nabil Ouerhani,12
William A. Freije,0
Volker B. Deecke,0
Paul Valiant,24
Thomas Schandl,0
Vinay K. Chippa,7
Nicolas Sidère,8
Nodira Khoussainova,14
Jaysonne A. Pacurib,0
Sharmin Nilufar,8
Iman Kamehkhosh,7
Gérard G. Emch,0
Ákos Utasi,8
Omar Al-Kofahi,0
Enea Cippitelli,2
Robert R. Sokal,0
Yehoshua Perl,83
Manfred Hendlich,0
Octavian Catrina,9
Ertugrul M. Ozbudak,0
Robert Schöpflin,0
Christopher R. Fetsch,0
I. I. Baskin,7
A.G. Ulsoy,0
Andrea Romei,0
Liana M. Lorigo,0
Alireza Rezvanian,0
Dean Wyatte,0
Heydar Maboudi Afkham,0
Oliver Demetz,0
Sara Johansson Fernstad,0
Zeljko Agic,0
Ioannis Karydis,18
Nicholas Diakopoulos,45
Sintija Petrovica,5
Roman Kontchakov,46
Arkadiusz Stopczynski,6
Lex Schaul,0
Samu Taulu,0
Yuichi Asahiro,34
Zachary C. Lipton,16
Virginia Klema,4
Ruth Ben-Yashar,0
Abdessamad Echihabi,5
Brian E. Brewington,6
Cristian Cadar,55
Jürgen Schlegelmilch,3
Evgeny Lomonosov,0
Sergey M. Plis,0
Pascal Paysan,0
Rasmus Bro,0
Harald Hammarström,8
Emanuel A. Schegloff,1
Deborah K. Barreau,0
Thomas Neumuth,11
Paul M. Bays,0
Giorgio Fumera,53
Andrea Pietracaprina,59
Jane Hillston,116
Paul F. Velleman,0
B. Hastie,0
Sarah T. Boysen,0
Carl G. Looney,0
Rasmus Kyng,9
Ljupčo Todorovski,24
Eduardo Jaques Spinosa,0
Negar Soheili,0
Giuseppe Ateniese,61
Maria Giatsoglou,6
Paolo Cremonesi,100
Bernd Bohnet,24
Vlasios Doumpiotis,0
Azam Amin Abshouri,0
Markus Stolze,34
Leszek Pacholski,21
Elia Formisano,0
Stefan Eickeler,7
Zenzi M. Griffin,0
Alexander G. Schwing,43
Walter Rudin,0
Robert Urbanczik,0
Marius Leordeanu,21
Tapas Kanungo,25
Maarten A. Hogervorst,5
Emmanuel Caruyer,0
Daan T. J. Vreeswijk,2
Bijan Moayer,0
Chris Peikert,56
Edward Grefenstette,11
Marie-Laure Mugnier,52
Charles W. Dunnett,0
Reyer Zwiggelaar,56
Knut Conradsen,8
Nicolas Frémaux,0
Fabrice Bourel,0
Ramy Medhat,8
Behnood Rasti,0
Christine Choppy,54
Tom Fincham Haines,0
Abdallah Abbey Sebyala,0
Alexis Benichoux,0
Pauliina Kronqvist,0
Jim Braux-Zin,0
Nicolas Delannay,6
Zara Ambadar,6
Jack Koplowitz,0
Vasiliki E. Kosmidou,0
Vedran Sekara,0
Sean Stanek,0
Nihal Dindar,7
Marenglen Biba,0
Hoel Le Capitaine,0
Daniel J. Mankowitz,0
Heinrich Stamerjohanns,0
Junaed Sattar,11
Jane Elith,0
Giuseppe Jurman,11
Nicolas Eveno,0
Indre V. Viskontas,0
Farrokh Vatan,19
David K. Elson,11
Martin M. Hanczyc,9
Oscar Miranda-Dominguez,0
Alexandros G. Dimakis,64
Qusay H. Mahmoud,75
Tal Arbel,0
Luke Bornn,5
Anant Madabhushi,47
Aditi Dhagat,6
David Nassimi,17
Dmitry Gavinsky,20
Alexandra Balahur,33
Raquel Mochales,3
Fatih Calakli,2
Babak Alipanahi,5
Ralf Plänkers,0
Octavia A. Dobre,0
Evgeni Begelfor,0
Victor Adrian Prisacariu,0
Levent Karacan,4
Ying-Huey Fua,4
Tim Roughgarden,148
Dominic Widdows,30
Masayuki Karasuyama,19
Michael S. Gazzaniga,0
Zoltán Tüske,0
Francesc Serratosa,0
Hacheme Ayasso,0
Christopher K. Wikle,0
Fatemeh Abbasinejad,6
Jared Lorince,2
Dzenan Zukic,0
Fredrik Viksten,0
Anastasia Yendiki,0
Harish Doraiswamy,20
Guillem Rigaill,0
Christos A. Frantzidis,8
Jonathan H. Fernyhough,0
Margaret E. I. Kipp,6
Konstantinos Rematas,8
Jozef Mišutka,0
J.W. Gryzmala-Busse,0
Hal R. Varian,25
Judy A. Stamps,0
Battista Biggio,43
Yair Censor,[]
Stefan Hetzl,14
Yevgeniy Dodis,107
Sean C. Bendall,0
Angelia S. M. Vanderlaan,0
Hirotake Yamazoe,33
John Earman,0
Fabian Monrose,69
Iebeling Kaastra,0
Daniel Stekhoven,3
Michael Breuß,0
Jan Rühaak,0
Frank Steinbrücker,0
Anna Shtok,20
David Grangier,12
Vladimir Kolovski,9
Sonia Chernova,49
Goutham R. Kirikera,0
Daniele Gunetti,15
Yuri Kalnishkan,23
Luca Ghiani,1
Max Coltheart,0
Douglas Aberdeen,14
Michael J. Gorczynski,0
Pradeep Dasigi,2
Pieter Buteneers,4
Marius Tico,13
Xavier M. Keutgen,0
Noortje Venhuizen,2
Serban Oprisescu,0
Andreas Strotmann,15
Salvatore Rinzivillo,29
Petri Törönen,4
Alberto Santamaría-Pang,0
Sonia Crottaz-Herbette,0
Alireza Tavakoli Targhi,1
Stanislas Dehaene,0
Rocío Romero-Zaliz,0
Pinar Donmez,17
Imrul Kayes,9
Shamimabi Paurobally,19
Michele Merler,16
Carlos Merino-Gracia,0
Vincent A. Cicirello,31
Arnau Prat-Pérez,17
Dmitri Bitouk,5
Peter J. M. van Laarhoven,[]
Romain Yildizoglu,0
Roman Rosipal,9
Angelos Dassios,5
Réda Dehak,0
Lorenzo Orecchia,17
Amin Jourabloo,0
William Pentney,0
Federico Augugliaro,0
Federico Michele Facca,27
S. Arun-Kumar,0
Krishna Kumar Kandaswamy,0
Àgata Lapedriza,0
Denis P. Shamonin,0
Aliaksei Severyn,16
M. A. C. Perryman,0
Eni Mustafaraj,23
Dubravko Culibrk,26
Max Völkel,9
Derya Birant,8
Mehrnoosh Sadrzadeh,26
Emanuel Kitzelmann,10
Marie-France Sagot,7
Fevzi Alimoglu,0
Inês Lynce,64
Manuel Febrero,0
Pankaj Gulhane,3
Jacob D. Abernethy,35
Khaled M. Hammouda,0
Günther Eibl,10
Oliver C. Schrempf,0
Nick Montfort,19
Paola Bressan,0
Sabine Brants,0
Karl Stratos,8
Simone Paoletti,0
Julinda Gllavata,7
Jan Trmal,0
Evan Wei Xiang,16
Antti Airola,34
Glen Coppersmith,4
Wayne Wobcke,57
Ronald K. Hambleton,0
Moshe Tennenholtz,201
Frank Dabek,10
Fabian Hadiji,0
Ricardo Martin-Brualla,8
Michael F. Worboys,39
Claire J. Tomlin,64
Kristjan H. Greenewald,0
Saturnino Maldonado-Bascón,0
Nolan McCarty,0
Hossein Mamaghanian,3
Richard Souvenir,24
Salman Salamatian,0
Mariona Nadal-Ribelles,0
Aws Albarghouthi,33
Shashaank Vattikuti,0
Bruno Latour,0
Emmanuèle Grosicki,0
Kamal Hammouche,0
Myroslava O. Dzikovska,38
Patrick L. Combettes,0
Jakob Zscheischler,4
Till Westmann,22
Matthias Zöhrer,3
Peter Vorderer,20
Yael Dahan Netzer,7
Doron A. Peled,0
Stuart S. Antman,0
Olaf Sporns,0
Gaetano Zanghirati,5
Cary Stothart,0
Maurice Bruynooghe,152
Damien Pellier,13
Dafna Shahaf,27
Emily Pitler,11
Przemyslaw A. Lasota,0
Rahim Dehkharghani,3
Uros Damnjanovic,3
Anton Aboukhalil,0
Wolfgang Polonik,0
Mary McGlohon,7
Graham Wallas,0
Jean Daunizeau,6
Jared R. Curhan,0
Claudio Biancalana,10
Ahmed M. Elgammal,82
Georges R. Harik,0
Jon Sporring,37
Narayanan Sadagopan,9
Stephen H. Fairclough,23
Eric Paquet,28
C. Seth Landefeld,0
Janet B. Pierrehumbert,7
Pashalis Padeleris,0
Christine Ecker,0
Nestor V. Queipo,0
Alexandra Gavryushkina,0
Ioannis Partalas,23
David Coeurjolly,64
Gianna M. Del Corso,15
Vinod K. Valsalam,7
Yoshiyuki Kabashima,17
Francesco Di Giunta,2
Frank Lenzen,0
Dan Banica,0
Christopher R. Houck,4
Hugo Raguet,0
Martin Pielot,54
Michal Lavidor,0
Wolfgang Ponweiser,0
Luca Marchesotti,9
Andreas Ziehe,20
Julien Bect,0
David Menotti,23
Roger B. Dannenberg,45
François Bolley,0
Antonello Maruotti,0
Robi Polikar,30
Morten Jerven,0
Michelle A. Borkin,14
Timo Sztyler,7
Iris Hupkens,0
Mehmet Koyutürk,43
Victor Shnayder,9
Michael Granitzer,87
Robert K. Harle,29
Pierre Zweigenbaum,28
Richard E. Nisbett,0
Christophe Biernacki,0
Cécile Rabrait,0
Udi Manber,51
Genshiro Kitagawa,0
Frank Noble Permenter,0
Vicente Zarzoso,0
Ralf Herbrich,52
Castrense Savojardo,0
Peter C. Litwinowicz,5
Kerstin Borau,5
Sakrapee Paisitkriangkrai,11
Danny Bickson,24
Dag Elgesem,0
Alberto Barrón-Cedeño,29
Stelios Sidiroglou-Douskos,10
Eric Jondeau,0
Bo Leuf,0
Aditya Vailaya,11
Peter E. Kloeden,0
Juraj Dzifcak,7
Alexandra Branzan Albu,9
Ahuvi Yearim,0
Karem D. Marcomini,0
Vincent Etter,3
Ronan Collobert,30
Ivana Chingovska,0
Bo Kågström,71
Luca Stabellini,0
Chris Volinsky,18
Daniele Miorandi,50
Jennifer J. Elgot-Drapkin,5
Christos Tryfonopoulos,36
Christian Houdré,0
Derek G. Corneil,83
Kevin S. McCurley,11
Amnon Shashua,82
Rüdiger Dillmann,65
Eser Kandogan,27
Charles Dubout,9
Yassine Benajiba,13
Olivier Chomat,0
Françoise Tisseur,27
Michiel van de Panne,82
Michael F. McTear,45
Susan Stepney,109
Anselm Spoerri,22
Valery L. Feigin,0
David Premack,0
Antonis C. Kakas,59
James W. Fickett,0
Manuel Yguel,0
Stephen J. Iturria,0
Alessandro Lazaric,51
Hans Sagan,0
Maytal Saar-Tsechansky,29
Olga Ohrimenko,23
Sam Alxatib,0
Branislav Kveton,40
David Lopez-Paz,13
Thomas D. Ndousse,0
Stef De Pooter,0
Yves Dufournaud,0
George F. Sterman,0
Thomas Natschläger,21
Edoardo Provenzi,0
Heikki Keskustalo,35
Franz Franchetti,52
Patricia Reynaud-Bouret,0
Harry G. Barrow,0
Andreas Opelt,0
Val Burris,0
Thomas Moranduzzo,0
Jayanth R. Banavar,0
Robert C. Susil,0
Julian Yarkony,0
Luc Dehaspe,13
Marco Baioletti,34
François Pomerleau,15
Stefan Zwicklbauer,9
Daniya Zamalieva,0
Gerard Pons-Moll,19
Victor Picheny,0
Laleh Haghverdi,1
Nate Derbinsky,16
Alessandro Vinciarelli,69
Stefan Woltran,156
Thomas Brihaye,0
Felix A. Gers,18
Georgios Galatas,15
Hamid A. Jalab,20
Uwe D. Hanebeck,25
Demetrio Labate,16
Adam Jatowt,140
Laura Leal-Taixé,15
Matjaz Perc,0
Steve Cronen-Townsend,4
Julien Audiffren,6
Aaron K. Shackelford,0
Kristi Kuljus,0
Pier Luca Lanzi,92
Mariano Beguerisse-Díaz,0
Giuseppe Fenza,31
Torbjörn Åkerstedt,0
Ali Azarbayejani,9
Matthew E. Antone,0
A. N. Kolmogorov,0
Anthony C. Boucouvalas,37
Daria A. Beshnova,0
Shaddin Dughmi,38
Maciej Wojtkowski,0
Akira Ushioda,1
Jens Krinke,60
Winrich A. Freiwald,0
Marta Ruiz Costa-Jussà,36
Hy Murveit,20
David Pisinger,41
Francisco Casacuberta,108
Frédéric Boussemart,0
Rainer Typke,5
Sebastian Gerwinn,13
Paul Erdös,0
Valérie Ego-Stengel,0
Markus Aschinger,5
Laura Igual,0
Marcos Salganicoff,19
Jonas Sjöbergh,0
Abdeslam Boularias,20
Thomas A. Pauls,0
Elena Birman-Deych,0
Juan Martinez-Romo,16
Ioannis Giotis,7
Christian Jutten,0
David Gilbarg,0
Mooly Sagiv,131
Petr Somol,32
Amnon Meisels,63
Alessandro Pelizzola,0
Jerzy A. Filar,35
Linus Svärm,0
Sabine Van Huffel,100
Robert M. Nishikawa,0
Rafael Grompone von Gioi,0
Balaji Krishnapuram,30
Gjorgji Madjarov,0
Michael C. Roggemann,0
Uwe Einmahl,0
Horst Wildenauer,0
Sira Ferradans,0
Carlos F. Daganzo,0
Dech Thammasiri,0
Rukshan Batuwita,0
Marcus J. Nadenau,0
Conrad Plake,4
Misha Mahowald,0
John R. Douceur,44
László Györfi,44
Edward R. Scheinerman,0
Prasad Tetali,58
Olivier Elemento,0
François Andry,3
Chiara Di Francescomarino,19
Daniel C. Fabrycky,0
Subbarao Kambhampati,179
Fidel Cacheda,34
Konstantinos Chatzikokolakis,41
David C. Krakauer,0
Yee Whye Teh,86
Emanuel Parzen,6
Holger Knublauch,6
Stefania Matteoli,0
Henryk Woźniakowski,0
Vítor Lopes-dos-Santos,0
Sanyogita Shamsunder,0
Georgios Tziritas,0
Timothy S. Newman,36
Aldo Rustichini,0
Renu Virmani,0
Nick Bostrom,7
Laveen N. Kanal,49
Ruggero Lanotte,40
Wa Wijnand IJsselsteijn,0
Alice Cleynen,0
Pietro DeLellis,0
Richard F. Spaide,0
Robert C. Froemke,0
Maja Temerinac-Ott,0
Anna Hristoskova,0
Edward J. Fuselier,0
Robert M. Yadrick,0
Charles M. Fiduccia,19
Tal Yarkoni,2
Jörg Liebeherr,85
Igor Kozine,0
Salim Jouili,12
Edward T. A. Mitchard,0
Ariana Strandburg-Peshkin,1
Guillaume Chevillon,0
Enver Sangineto,26
Jan Derrfuss,0
Giovanni Cavallanti,4
Krzysztof Choromanski,18
Nikolaj Tatti,54
Chayant Tantipathananandh,5
Richard C. Puetter,0
Christoph Helmberg,2
Nicolas Boulanger-Lewandowski,2
Witold Pedrycz,653
Jeffrey S. Simonoff,11
David A. Atchison,0
Maté Ongenaert,0
Majd Hawasly,0
Athanassios N. Skodras,30
Sami Romdhani,13
Ajita Rattani,14
Gulisong Nasierding,0
Koen L. Vincken,0
Nick Feamster,173
Burt L. Monroe,1
Andreas Ruepp,0
Nathan Linial,101
Mark J. Huiskes,13
Stefan Wager,8
Paul Fearnhead,0
Elias Ould-Saïd,0
Michal Nykl,0
Michael Firbank,0
Peter Bro Miltersen,74
Asli Celikyilmaz,23
Ali Khamene,22
Fatih Ozsolak,0
George Deligiannidis,0
Dyonisius Dony Ariananda,0
Radu V. Craiu,0
Paul Glasserman,58
Georgios N. Yannakakis,88
Agnes Gruenerbl,7
Alejandro López-Ortiz,111
Christian Retoré,13
Gerlind Plonka,0
Ronald L. Breiger,0
Stefan Siersdorfer,40
Boris Motik,89
Adrià de Gispert,26
Opas Chutatape,0
Thomas L. Saaty,0
Maxime Descoteaux,0
Peter Zaspel,0
Martin Krallinger,9
Michael D. Buhrmester,0
Mehdi Hajinoroozi,0
Roy Radner,5
Kristin Yvonne Rozier,0
Andrew Rosalsky,0
Hans de Nivelle,0
Paul M. Ridker,0
Christoph Bergmeir,0
Nicola Montecchio,4
Francesco Ranzato,55
Shane R. Thye,0
Jonathan G. Fiscus,17
Bilal Bataineh,0
Christoph Schlieder,30
Raija Lehtokangas,0
Klaas P. Pruessmann,4
Russell Merris,0
Steffen Oeltze,0
Michael W. Eysenck,0
Václav Snášel,170
Patrick Rebentrost,0
Yannick Trémolet,0
Dagmar Kainmueller,0
Ralph Debusmann,8
Yazan N. Billeh,0
Álvaro Cortés-Calabuig,8
Alec Pawling,6
Tomaso Erseghe,0
Bernhard Fröba,0
Norman Fairclough,0
Ulrich Zukowski,0
Elizabeth Varki,12
Georgios Goudelis,6
Jan Eric Kyprianidis,10
Vassilis Athitsos,87
Ioannis Karamouzas,24
Michael A. Fligner,0
Wolfgang Woerndl,21
Hanno Scharr,31
Angela Bonifati,73
Jeremias Sulam,0
David Gouaillier,0
Marc Berthod,0
Emmanouil Benetos,3
Maurizio Dapor,0
Jack Valmadre,0
Franck Iutzeler,8
Péter Jacsó,0
Leonid Kof,16
Paolo Petta,28
David C. Schmittlein,0
Wulfram Gerstner,0
Laurent Granvilliers,32
Jason W. Bohland,0
Beata Jarosiewicz,0
Kevin Gilholm,0
Roberto Perdisci,53
Nicolás García-Pedrajas,56
Claudia Kondermann,0
Igor Kononenko,72
Andrzej Trybulec,0
Patrice Perny,57
Francis Crick,0
Jaka Krivic,0
Sylvain Neuvel,1
Sayan Bandyapadhyay,6
Christian Federmann,12
Frank Perbet,2
Yaniv Plan,13
Bailey K. Fosdick,1
William J. Howat,0
Serge A.R.B. Rombouts,0
John O. Ledyard,10
Thanawin Rakthanmanon,24
Laura Tolosi,0
Khalil Sima'an,27
Fares S. Al-Qunaieer,0
Dan Olweus,0
Veynu Narasiman,5
Kaan Ersahin,0
Ichiro Hasuo,45
Parag Chordia,4
Sylvain Raybaud,1
David G. Luenberger,0
Alexandre Gramfort,32
Don Fallis,7
Igor V. Tetko,0
Thanos G. Stavropoulos,12
Yoshinori Sagisaka,17
Sean R. Eddy,0
Nasim Souly,0
Alard Roebroeck,0
Carol Padden,0
Evangelos E. Papalexakis,51
Sašo Džeroski,156
Igor Zakhlebin,1
Evangelos Kanoulas,69
Ulas Akkucuk,0
Yves Rasolofo,3
Michael A. Tsfasman,0
Przemyslaw Musialski,22
Iñigo Casanueva,0
Jonas Poelmans,0
Richard Van Noorden,0
Roser Saurí,9
Imad A. Al-Sughaiyer,0
Zachary DeVito,13
Tarik Filali Ansary,6
Steven M. Drucker,81
Songpol Ongwattanakul,2
Michael G. Rabbat,36
Seyed-Mahdi Khaligh-Razavi,0
Leonard Bolc,11
André Uschmajew,0
Pnina Shachaf,9
Suresh Purini,14
Felix Krahmer,0
Noga Pinchuk-Yacobi,0
Benedikt Loepp,9
William F. Trench,0
Eileen Luders,0
Dimitrios Markonis,6
Dana Kulic,49
Jerzy Stefanowski,65
Olaf Hartig,29
Jeremy Goecks,8
Olivier Guédon,0
Edward Rolando Núñez-Valdéz,0
Ari Seff,3
Najim Dehak,11
Yener Ulker,0
Alper Atamtürk,0
Nicholas Navaroli,0
Eric Battenberg,2
Zeeshan Hayder,2
Marko Ristin,0
Vahid Kazemi,0
Efros,1
Rinku Dewri,29
Ferenc Huszár,6
Fabrice Muhlenbach,11
Gholamreza Haffari,30
Adam Boocher,0
Matthew J. Salganik,0
Gilles Dequen,0
Branislav Kisacanin,0
Patrice Latinne,0
Ehsan Shahrian,0
Fabio Aiolli,34
Rahul Sukthankar,68
Gonzalo Huerta-Canepa,8
Nicolas Schweighofer,0
Indika Kahanda,8
Thamar Solorio,34
Kenneth R. Laughery,12
Kostas G. Anagnostakis,34
Alexander L. Stolyar,47
Gerald M. Reaven,0
Georges S. Aoude,0
Erwin Schrödinger,0
Ann M. Graybiel,0
Cristian Sminchisescu,63
Jorge Dávila-Chacón,0
Alan R. Hevner,78
Laura Sevilla-Lara,0
Chris Biemann,34
Evangelos Kalogerakis,34
Chris Cannam,1
Ameneh Shobeirinejad,0
M. Gopi,2
Aaron Clauset,13
Kenji Yamanishi,65
Nicholas Morsillo,5
Stanley A. Mulaik,0
Mohammad Moghadamfalahi,0
Stéphane Doncieux,38
Richard Durbin,13
Roger L. Boyell,4
Raghunandan H. Keshavan,5
Emilie Niaf,0
Gill Barequet,99
Simon Papillon-Cavanagh,0
Arto Klami,33
Claire Adam-Bourdarios,0
Stefan Magureanu,1
Zeev Dvir,39
Efstathios Paparoditis,0
Matias Salibian-Barrera,0
Daan Wierstra,30
Yael Niv,9
Guillaume Lettre,0
Leif Lönnblad,0
Povilas Daniusis,0
Peter J. Bentley,84
Bastian Quilitz,0
Jake V. Bouvrie,0
Stefanie Muff,0
Mudhakar Srivatsa,84
Adrien Couëtoux,0
Naomi Ehrich Leonard,0
Lucian Mihai Itu,0
Bernard De Baets,128
Aliaksei Sandryhaila,0
Giulianella Coletti,0
Steven Maere,0
Kenneth R. MacCrimmon,0
Stefan Evert,10
Stefan Kaufmann,2
Khalid El-Arini,9
Christopher A. T. Ferro,0
Bob G. Witmer,0
Ido Nevat,17
Anders Løland,0
Paul D. Allison,0
Marc Modat,33
Samuel Schulter,7
Yizhar Regev,3
Timothy Ravasi,0
Yehuda Vardi,8
Johan Westerborn,0
Dorina Thanou,0
Cristiano Castelfranchi,111
Eric F. Pettersen,0
Hirotugu Akaike,0
Matthew R. Callstrom,0
Ben S. Bernanke,0
A Bartels,0
Bohdan Monastyrskyy,0
Yoshiaki Sakagami,0
Kanar Alkass,0
Lars Huettenberger,0
Aleksandar Matic,22
Edward Bierstone,0
Jean-Christophe Souplet,0
Dimos V. Dimarogonas,40
Ron Koymans,15
Alena Böhmová,3
Veena S. Mellarkod,4
Ujjal Chattaraj,0
Theofrastos Mantadelis,0
Nicolae Gonciulea,0
Thomas Lacour,0
Harel Z. Shouval,0
Pasi Fränti,90
Alex Pothen,83
Moustafa Alzantot,5
Benjamin B. Machta,0
Hossein Azari Soufiani,1
Ikujiro Nonaka,0
Bernard Merialdo,6
Bharat N. Nathwani,0
R.B. Bapat,0
Bhuvan Urgaonkar,77
John Gribbin,0
Ulrich Pinkall,23
Jernej Virant,0
Shamik Sural,111
Xavier Lagorce,0
Andreas Richtsfeld,0
Pascal Poupart,78
Francisco J. Ferrer-Troyano,7
Christopher Jekeli,0
Jovan Pehcevski,12
Greg Kuperberg,15
Yegnaswamy Sermadevi,0
Thomas Luft,6
Simon Hangl,0
Mario Cannataro,114
Vasileios Belagiannis,0
Gary Marchionini,104
Laurent Benaroya,2
Arkadas Ozakin,0
Nicolas Vayatis,37
Emanuel F. Petricoin,0
Melvin J. Hinich,21
Jonas Ballani,0
Chantelle Garritty,0
Ferdinand de Saussure,0
William C. Keel,0
Peter Grassberger,0
William B. Frakes,54
Gilles Fauconnier,0
Matthew B. Kennel,0
Iman Keivanloo,38
Michalis Kolossiatis,0
Gota Morota,0
Harold Jeffreys,0
Marcin Novotni,2
Krisda Lengwehasatit,0
Piero P. Bonissone,49
Tamás Nepusz,0
Maen Takruri,0
Stamatis Cambanis,0
David De Roure,27
Myriam Rajih,0
Greg Ongie,0
Prithiraj Tissainayagam,0
Alessandro Cimatti,160
Alessandro Bessi,2
Olivier Fercoq,14
Yesim Serinagaoglu,0
Abdulkadir Sengur,34
Daniel Almirall,0
Giuseppe Loianno,0
Eugenia Ternovskaia,0
Azadeh Fakhrzadeh,0
Yousef Al-Ohali,11
Bart De Vylder,0
Ali Mohammad-Djafari,0
Zbigniew Bonikowski,0
Anna Leontjeva,5
Stefano Merler,16
Rajsekar Manokaran,12
Olivier Eches,0
Stefan Kunis,12
Frédéric Chazal,52
Tony Kam-Thong,0
Rytis Stanikunas,0
William I. Gasarch,168
Rafail Ostrovsky,240
William H. Kautz,20
Konstantinos G. Derpanis,17
Yacine Jernite,0
Sébastien Bubeck,36
Patrick Asbach,0
Pierre-Olivier Amblard,0
Juha Ala-Luhtala,0
Venkatesan Guruswami,189
Alexandros Karatzoglou,45
Stefan Büttcher,14
Amir Globerson,53
Bart Peerdeman,0
Cormac Herley,35
Jannik Strötgen,29
Hani Hagras,98
Peter V. Gehler,21
Péter Csermely,0
Brian DePasquale,0
Michal Dziemianko,0
Thomas Bartz-Beielstein,51
Arnold Schönhage,19
Fiora Pirri,30
Yoav Gilad,0
Fernando V. Bonassi,0
Carsten Ihlemann,6
Will Eisner,0
Christian Kloimüllner,0
Ivan E. Auger,0
Elana Zion Golumbic,0
Patricia M. Rodier,0
Claus Rinner,1
Gregory Riddick,2
François Picalausa,4
Thomas Torsney-Weir,8
Jérôme Brachat,2
Guy E. Blelloch,173
Lars Grasedyck,0
Kritsada Sriphaew,5
S. M. Shahriar Nirjon,46
A. Sha'asua,0
John G. Kemeny,0
Torsten Zesch,19
Alena Shmygelska,5
Kees van Deemter,37
Lawrence J. Henschen,60
Lavinia Paternoster,0
Luboš Brim,72
Willemijn Vermaat,0
Johan Löfberg,0
Iosif Pinelis,0
Dino Seppi,6
Robert Petryszak,0
Katarzyna Sta̧por,0
Natan Peterfreund,0
Jacek Jelonek,0
Peter Fankhauser,43
Andrea Asperti,69
Mihran Tuceryan,26
Charlie Frogner,0
Wolfgang P. Lehrach,0
David Liben-Nowell,27
Klaus E. Timmermann,0
Koen Deschacht,7
Peter Whaite,0
Sven F. Crone,8
Hallinan,2
Kimmo Soramäki,0
Nitin Thaper,2
Anders M. Fjell,0
Iker Burguera,1
John Sweller,6
Keld Helsgaun,0
Esa Rahtu,35
Rafael Gómez-Bombarelli,0
Ondřej Dušek,6
Utthara Gosa Mangai,0
Mohamed Abdel-Mottaleb,46
Paul Lamere,15
Andrea Ciffolilli,0
M. Malshe,0
Thorsten Doliwa,2
Valerio Scarani,0
Victor J. Strecher,2
Wojciech Kotłowski,29
Guglielmo Montone,0
Aaron Gerow,0
Matthieu Ferrant,9
Sergio Bacallado,0
Pascal Sirguey,0
Shan-Hwei Nienhuys-Cheng,25
Karl Aberer,281
Ian Millington,0
Jérôme Euzenat,84
Anon Plangprasopchok,13
Filipp Akopyan,7
Henry Prakken,94
Odysseas G. Tsatalos,6
David A. Hanauer,9
Franck Dernoncourt,6
Robert A. Stine,4
Jerome Sallet,0
Brice Michoud,0
Pablo Espinace,0
Erwan Faou,0
Peter Hagoort,0
Johan Paduart,0
Tom Schrijvers,81
Giacomo Indiveri,49
Joseph H. DiBiase,0
Ernesto F. Yhap,0
Ehsan Nazerfard,5
Corrado Mencar,22
Eitan Greenshtein,3
Richard E. Ladner,205
Andrej Gisbrecht,0
Nikolaj Bjørner,74
Ugo Gianazza,1
S. Damla Ahipaşaoğlu,0
Krzysztof Kacperski,0
Luca Corazzini,0
Tüze Kuyucu,13
Fabian Bendix,3
Ahmed N. Albatineh,0
Michel Chilowicz,3
Gann Bierner,3
Felicia B. Gershberg,0
Ernst Eberlein,0
Andrew J. Petruska,5
Ian D. Watson,0
Kobayasi Yosiyuki,1
Paul Asente,46
James Tobin,0
Béatrice Daille,15
Jay Yagnik,12
Jan Węglarz,34
Marek R. Ogiela,127
James S. Nairne,0
Christopher Bowd,0
Hossein Kaydani,0
Philip Salesses,0
Ellen C. M. Mommers,0
Orit Kliper-Gross,0
Konstantin Böttinger,12
Gerard Debreu,0
Ian A. Kash,52
Benjamin Kunsberg,0
Pierre Tandeo,0
R. N. Rojas-Bello,0
Kay Deaux,0
Nurettin Acir,0
Hanady M. Abdulsalam,9
James L. Massey,0
Themos Stafylakis,9
Christopher M. Dellin,0
Sylwia Romaszko,8
Parvathinathan Venkitasubramaniam,0
Asaf Shabtai,68
Daniel J. Hruschka,0
Matija Marolt,7
Kristian Cibulskis,0
Elke Michlmayr,6
Augusto Destrero,0
Nikolaos Tziortziotis,11
Martin Storath,0
Uwe Egly,54
J. Andrew Bagnell,69
Claire Nédellec,15
Oleg Grodzevich,0
Tiberio Uricchio,23
Wu Dingping,0
Yann Leydier,10
Cyriac Kandoth,0
Yuval Filmus,30
Peter Welinder,0
Emre Ertin,28
Yury Polyanskiy,36
Jon Barwise,26
Patricia L. Whetzel,0
Daniel Hernández-Lobato,31
Benjamin T. Rolfs,0
Deepak Roy Chittajallu,0
Abtin Rasoulian,0
Aldo Lipani,18
Miroslav Dudík,32
Michael Vidne,0
Krzysztof Łatuszyński,0
J. Alex Halderman,15
Chitra Dorai,47
John L. Klepeis,8
Konstantinos E. Themelis,0
Alejandro Lage-Castellanos,0
Raj Rao Nadakuditi,7
Cynthia C. S. Liem,32
Daniel Lowd,37
George S. Atsalakis,0
Mohamed Chetouani,63
Liisa Holsti,1
Ericka Janet Rechy-Ramirez,0
Eerika Savia,6
Dirk Van den Poel,0
Yigal Attali,0
Claus Svarer,0
Thomas Corpetti,0
Muhammad Abdul-Mageed,5
Rosalie McGurk,0
Ofer Shtrichman,0
Amael Delaunoy,0
Terry S. Yoo,3
Omar Benjelloun,18
Adam Gaier,9
Philippe Jehiel,0
Ilya Molchanov,0
Peter Turchin,0
Anton Chechetka,7
Milan Studený,28
Matthias Wellens,8
Danai Koutra,49
Victor Vianu,136
Harry A. Quigley,0
Simon Dobrisek,0
Klaus Mosegaard,0
Ian Osband,0
Bill MacCartney,9
Nicolas Flammarion,4
Richard Jayadi Oentaryo,0
Ap Dijksterhuis,0
Tim B. Dyrby,0
Hugo Hromic,3
Alvin M. Liberman,0
Michele Fenzi,0
Michael Rovatsos,72
Stefan Mitsch,2
Eva Ceulemans,0
Rob Kitchin,0
Giles Hooker,19
Francesca Bovolo,0
Marco Crocco,12
Hedvig Kjellström,24
Caglar Gulcehre,0
Chrisil Arackaparambil,7
Tomasz Imielinski,69
Chaya S. Moskowitz,0
John M. Gottman,0
Lois M. Verbrugge,0
Neelima Chavali,0
Shen Furao,6
Georgiana Ifrim,10
Pradeep Buddharaju,13
Sajan Goud Lingala,0
Curtis Huttenhower,10
Nathan Srebro,78
Joseph K. Blitzstein,0
Carlos Zamarreño-Ramos,0
Vidvuds Ozoliņš,0
Olivier Ecabert,0
Nils Bulling,37
Boris Epshtein,6
Thomas Plötz,53
Jesper Tegnér,17
Giorgio Licciardi,0
Eric Allamanche,0
O. Buyukokkten,0
Gary D. Bader,10
Mark A. Horsfield,0
Ashok Savasere,0
Robert G. Newcombe,0
Steven Loscalzo,13
Md. Atiqur Rahman Ahad,31
Ronitt Rubinfeld,105
Federico Turkheimer,0
Gonzalo Martínez-Muñoz,20
Hub Prüst,0
Etienne Mémin,0
D. Gaw,1
Nesma Houmani,7
Emilio Remolina,0
Dominique M. Hanssens,0
Oscar Beijbom,0
Evren Özarslan,0
Scott Novotney,5
Magnus Boman,19
Mary Malliaris,0
Deniz Yuret,27
Masoud Rouhizadeh,3
Luigi Grippo,0
Anke M. Leufkens,0
Aric Hagberg,7
Robert LiKamWa,29
Howard Raiffa,0
Yael Karov,2
Tim Salimans,6
Peter Damaschke,94
Ernesto Bonomi,0
Jonathan Delhumeau,2
Yan Karklin,0
Stephan D. Fihn,0
Peter Borkenau,0
Martijn van Koningsbruggen,0
Razmig Kéchichian,2
Razieh Nokhbeh Zaeem,7
Lorenz Bühmann,20
Eyal Gofer,0
Gregory Druck,11
Dennis J. van Gerwen,0
Xavier Armangué,0
Aapo Kyrola,10
Wolfgang Wiltschko,0
Krzysztof Onak,38
Silviu Maniu,19
Jean-Claude Latombe,84
Vitali Milman,0
Shravan Vasishth,4
Simon Kochen,0
Ramazan Gokberk Cinbis,0
Florence Tupin,0
Tristan Snowsill,6
Olivier Teytaud,92
Andrea Colombari,6
Raouf Hamzaoui,11
François-Michel De Rainville,10
Mohammad Reza Daliri,0
Quentin Barthélemy,0
Dalton Lunga,7
Roni Mittelman,0
Ibraheem Alhashim,8
Nina Korsisaari,0
Robert Giegerich,55
Amos J. Storkey,0
Babak Hassibi,122
Gerald M. Edelman,0
Nicole Bäuerle,0
Hans Hallez,8
Andrei Lopatenko,6
Denis Mindolin,6
Christoph Dellago,0
Thomas A. Lasko,5
Nicola Tomatis,0
Sylvain Robbiano,0
Emine Krichen,0
Pedro F. Felzenszwalb,23
Jerome R. Bellegarda,21
Guido Zuccon,105
Ana Justel,0
Dan Pelleg,33
Selin Aviyente,19
Pieter R. Roelfsema,0
Michael M. Kazhdan,53
Luís M. A. Bettencourt,5
Fumio Okura,9
Zbyněk Šidák,0
Gayathri Chandrasekaran,11
Shai Carmi,0
Percy Deift,0
Giuseppe Ascia,46
Paul Nulty,6
Stefan Schlobach,51
Oscar Cordón,80
Nesli Erdogmus,0
Gilles Pesant,67
Richard A. Kronmal,9
Chavdar Papazov,5
Koen W. A. van Dongen,0
David Siegmund,0
Zachary D. Blount,0
Giuseppe Attardi,52
Fedde van der Lijn,0
Francesco Ronzano,9
David C. Knill,0
Alessandro Pieropan,0
Ignacio Fernández-Tobías,7
Benjamin M. Marlin,46
Fotini Simistira,0
Pasin Manurangsi,20
Piero Fariselli,33
Mathieu Desbrun,117
Ken Hinckley,88
Kálmán Palágyi,0
Nikolaos Stamatopoulos,31
Franck Jabot,0
Olivier Collier,2
Carolyn Kimme,1
Martin Schönhof,0
J. B. Antoine Maintz,0
Thad A. Polk,0
Matthew A. Kupinski,0
Stanislas Lauly,3
Julio Acosta-Cabronero,0
Renaud La Joie,0
Piyasak Jeatrakul,0
Albert C. Bemmaor,0
Nello Cristianini,82
Michael Donoser,27
P. Van Hentenryck,273
Roswitha Wiltschko,0
Harald Dimmelmeier,0
Brynjar Gretarsson,7
Sanjay Modgil,51
Tammy Riklin-Raviv,0
Jedrzej Potoniec,0
Gregor Wergen,0
Daniela Sammler,0
Stefano Mizzaro,67
John L. Bresina,0
Rebecca E. Ronquest,0
Philippe Flajolet,114
Hermann Weyl,0
Robin Genuer,0
Johnny Accot,8
Gernot R. Müller-Putz,17
Jaka Katrašnik,0
Amar Isli,0
Edina Rosta,0
Anton Barty,0
Sunita Sarawagi,74
Nicola Bianchessi,0
Charles Fefferman,0
Peter Vangorp,15
Klaus Stüben,0
Amiran Ambroladze,9
Léonard Jaillet,0
Petr Šulc,0
Eftychios A. Pnevmatikakis,0
Upendra Shardanand,1
Martin Habbecke,5
Gilles Louppe,11
Marc Kachelrieß,0
Uygar Sümbül,0
Mohsen Pourahmadi,0
Ebru Aydin Gol,4
Mihailo Stojnic,0
Thomas Banchoff,7
R. Kolisch,0
Jana Holsanova,0
Alexander Zien,18
Francesco Belfiore,0
Ralf G.M. Schlösser,0
Bruno S. Frey,0
Olivier Raiman,0
Roberto Todeschini,0
Jean-Philippe Thirion,0
Svetlozar Nestorov,19
Terry M. Therneau,0
Giuseppe Cuccu,4
Chrystopher L. Nehaniv,85
Francis S. Bellezza,0
Larry D. Pyeatt,20
Otto Jespersen,0
Marina Meila,42
Chris Lintott,4
Michaël Rusinowitch,119
Thomas B. Schön,28
Matei Ripeanu,93
Johannes Hachmann,0
Csaba Domokos,0
Yücel Saygin,69
Amos Fiat,121
Rachid Alami,51
Ralph Grishman,119
Hernán A. Makse,0
Ross Goroshin,0
Malik Magdon-Ismail,113
Guilhem Semerjian,0
Horacio Saggion,71
Nicoleta Neagu,0
Bruno de Finetti,0
Irene Langkilde,5
Michel Thiebaut de Schotten,0
David Warde-Farley,5
Stephen M. Stigler,2
Yuval Tassa,5
Rosa I. Arriaga,54
Daniel Weinland,1
Romain Giot,19
Martin Grötschel,0
Kate Saenko,40
Jaakko Särelä,7
Csaba Szepesvári,129
Paul Hughett,0
Sven De Greef,0
Gert Behiels,0
Trevor Bekolay,0
Dean A. Pomerleau,0
Mark J. Machina,0
Oleg Trott,0
Adam J. Berinsky,1
Awi Federgruen,0
Epameinondas Antonakos,7
Frans Schalekamp,15
Etienne Decencière,0
Mrinal Haloi,1
Umamahesh Srinivas,0
Behnaam Aazhang,55
Jessi Stumpfel,7
S. Avinash Ramakanth,4
Tomas Ekeberg,0
Alonso Ramirez-Manzanares,0
Donald Poskitt,0
Steffen Rendle,28
Forrest N. Iandola,6
Ashish P. Sanil,9
Luc Segoufin,64
Hastagiri P. Vanchinathan,5
Anne-Wil Harzing,0
Andrea Malossini,0
Venkatesan N. Ekambaram,3
Nicolas Loeff,6
Behrend Heeren,5
Mirella Dapretto,0
Dale R. Durran,0
Martin Dzbor,16
Manolis C. Tsakiris,7
Mark Manulis,70
Paul Mineiro,7
Marios Kyperountas,0
Lukas Kroc,18
Brian Kriegler,0
Vicenç Quera,0
Tal Garfinkel,21
Leo Dorst,29
Klara Nahrstedt,377
Ingo S. Hontsch,0
Peter J. Werkhoven,20
Fatma Abdelkefi,0
Patrick MacAlpine,15
Gregory E. Newstadt,0
Sally McBrearty,0
Shyamal Somaroo,0
Ivan Zorych,1
Arjan B. Berkelaar,0
Kacha Dzhaparidze,0
Robert Capra,73
Viktor Hornak,0
Jean Decety,0
Lars Marstaller,0
Rahim Saeidi,9
Ramji Venkataramanan,0
Srikanth Ryali,0
Gertjan J. Burghouts,0
Branimir Boguraev,55
Danica Damljanovic,14
Thomas Roelleke,29
Pedro Bibiloni,0
Florin C. Ghesu,0
Wessel N. van Wieringen,0
Faiyaz Al Zamal,0
Stamatios Lefkimmiatis,0
Philipos C. Loizou,0
Ben Jeurissen,0
Martin V. Butz,86
O. de Vel,12
Bart Kosko,53
J. Frédéric Bonnans,0
Alexander L. Tulupyev,0
Jerry Scripps,15
Dana Movshovitz-Attias,5
Shiva Keihaninejad,0
Thomas G. Dietterich,157
Bhaskar Krishnamachari,131
Iain A. McCowan,18
Levent Ertoz,0
Ruzena Bajcsy,136
Cristian Danescu-Niculescu-Mizil,23
Markus W. Achtelik,0
Meirav Galun,20
Vincent A. Magnotta,0
He Zengyou,37
In Jae Myung,0
Wilson S. Geisler,9
M. G. Aartsen,0
Daniel W. McShea,0
Hiroyasu Koshimizu,0
Deva Ramanan,33
Frauke Oldewurtel,0
Dale J. Fixsen,0
Seyed Mohammad Khansari-Zadeh,0
Uta Preim,0
Adriana Birlutiu,8
Ellen Hisdal,0
Adam Krzyzak,0
Felix Morsdorf,0
Yaakov Tsaig,0
Arthur Petrosian,0
Orkut Buyukkokten,9
Pekka Orponen,52
Giacomo Rizzolatti,0
Robert J. Vanderbei,0
Cosmin G. Petra,8
W. M. Wonham,1
Gösta Grahne,49
Frédéric Gibou,43
Rameen Beroukhim,0
Nicholas Carlini,15
Michael Zeifman,1
Karin Schnass,6
Christophe Chefd'hotel,0
Ariel D. Procaccia,165
Carsten Sinz,43
Katrin Amlacher,4
Zdeněk Buk,0
Eugenia G. Giannopoulou,6
Mohammad Sabokrou,0
Nicola Segata,10
José Luis Rojo-Álvarez,0
Catherine Wacongne,0
Bianca Wackersreuther,10
Emre Akarslan,0
Norman E. Fenton,73
Yael Adini,0
Antonio Reverter,0
Anne Patrikainen,0
Maria Vargas-Vera,32
Hanen Borchani,9
Jesús Fernández-Villaverde,0
John A. Ozolek,0
Gabriele Steidl,36
Yoshua Bengio,233
Jill Freyne,54
Christine Keribin,0
Dušan M. Stipanović,0
Animesh Patcha,3
Bernd Bischl,35
David Karemera,0
Michael Markl,0
Radu Bogdan Rusu,18
Torsten Wörtwein,6
Karim Benchenane,0
Kalyan Veeramachaneni,40
Sven Grewenig,0
Eric W. Tramel,0
Virginia L. Ernster,0
Ganna Rozhnova,0
Simon Osindero,16
Tim Van den Bulcke,0
Silvio Savarese,70
Jörg Rieskamp,0
Jérôme Revaud,15
Christina Lioma,58
Dan Zecha,4
Neil J. Bershad,0
Michael E. Sieracki,0
Davide Fossati,28
Chanop Silpa-Anan,0
Bernt Schiele,121
Hewayda ElGhawalby,0
Wolfgang Banzhaf,152
Doron Betel,0
Martin Enserink,0
Tomáš Čižmár,0
M. Alan Brookhart,0
Frank Pfeuffer,0
Peter Knees,45
Volkan Cevher,64
Johannes Borregaard,0
Ivo Grondman,0
Thaddeus Tarpey,0
Stefano Carpin,36
Lorraine Goeuriot,22
Brendt Wohlberg,2
Ulrich Stelzl,0
Wajahat Qadeer,8
Genaro Daza-Santacoloma,0
Finale Doshi,32
Michele Tumminello,0
Manfred Opper,61
Yoram Wind,9
Stanisław Kwapień,0
Lars Libuda,0
Bob Coyne,7
Petros Drineas,71
Ulit Jaidee,0
Jordi Sabater-Mir,48
Joop J. van Vaals,0
Behrooz Masoumi,0
Morris H. DeGroot,0
Alexander Marshak,0
Isabel Segura-Bedmar,18
Hadi Rezaeilouyeh,0
Robert Azencott,10
Mehran Kafai,0
Martin Tompa,51
Alessandro Laio,0
Benedict Paten,7
Michael Kapralov,39
Youmna Borghol,4
Javier Borge-Holthoefer,4
Alexander Budanitsky,3
Vidya Setlur,42
Antonio Lijoi,0
Gert Pfurtscheller,31
Dorit Baras,5
Simone Calderara,35
Benoît Sagot,23
Miomir Vukobratovic,0
Harald Kittler,0
Yvonne Canning,0
Vincent Keereman,0
Nikolaus Weiskopf,0
Paul Cuff,25
Basilio Noris,0
Sergey Tulyakov,15
Roberto Basili,93
Brandt Tso,0
Julian G. Zilly,0
Gideon Toury,0
Lars Adde,0
Maxim Shatsky,7
Stephen B. Balakirsky,29
Igal Milchtaich,0
Robert B. Lufkin,0
Hugo Terashima-Marín,51
Etienne Burdet,34
Radu Jurca,28
Oliver Grau,24
Tim Sheerman-Chase,0
Pak Sham,0
Athanasios Karamalis,0
Oliver Kullmann,22
Pawel Swietojanski,2
Juan José Egozcue,0
Milan Tofiloski,2
Eleni Miltsakaki,15
Petr Cintula,0
Anton Zeilinger,0
Alessandra Lumini,105
Peter Eisert,43
Mark A. Ruzon,6
Julian A. Oldmeadow,0
Wataru Sato,1
Jeffrey M. Zacks,0
Carl J. Mousley,0
Nitin Madnani,27
Ryan M. Eustice,27
Lars Berlemann,8
Dominique Bontemps,0
Dmitry Shiryaev,3
Arantza Etxeberria,0
Floriano De Rango,58
Richard Wicentowski,12
Zeno Vendler,0
Scott M. Grundy,0
Danny De Schreye,60
Petteri Nurmi,74
Christophe Lenglet,0
Andras Fulop,0
Leonid Berlyand,0
Paul Baltescu,0
Herbert F. Jelinek,26
Dorian Kermisch,0
Patrick Buehler,0
Mehrnoush Shamsfard,26
Rosalba Giugno,25
Steffen Hölldobler,44
Christophe Lecoutre,48
Marta Wilczkowiak,0
Max Vladymyrov,0
Theodore B. Achacoso,0
Miguel A. Aragon-Calvo,0
Samuel I. Daitch,2
Ulf Hermjakob,13
Adi Makmal,2
Mikko Vehkaperä,0
Ronald P. A. Petrick,24
Kjersti Engan,17
Claudia Perlich,12
Morakot Choetkiertikul,9
Andrew D. Straw,0
Fausto Giunchiglia,160
Daniela Brauckhoff,10
Jelle O. Barentsz,0
Chester Curme,0
Florence Bénézit,0
Guillaume Adenier,0
Philippe G. Ciarlet,0
R. Ferrer i Cancho,0
Matthias Broecheler,9
Jafar Tahmoresnezhad,0
Edward L. Keenan,0
Philippe Fournier-Viger,117
Elizabeth Closs Traugott,0
Kevin Struhl,0
David Vengerov,25
Christoph Bodensteiner,0
Anne M. Stiggelbout,0
Denis Simakov,0
Ingrid C. Sluimer,0
Edward Vul,0
Paul Bendich,8
Irina Rish,46
Vitaly Surazhsky,7
Gayathri Namasivayam,0
Somayeh Danafar,0
Pau Medrano-Gracia,0
Ali Çivril,0
Fabio Ciravegna,69
Eytan Modiano,143
Dimitrios Gunopulos,188
Manfred Pinkal,28
Stamatina Thomaidou,4
Marcello Massimini,0
Rodolphe Ortalo,0
Michael Doumpos,0
A. C. Pigou,0
Domonkos Tikk,50
Ahmed Besbes,0
Clark C. Freifeld,0
Lior Shapira,4
Jason N. Laska,0
Vladimir Zlokolica,0
Parasara Sridhar Duggirala,19
Charan Ranganath,0
Christian Lageman,0
Santoso Handri,0
Géraud Blatman,0
Taksu Cheon,0
Uwe Bubeck,0
Kanoksri Sarinnapakorn,8
Alexandra Psarrou,38
Matthias C. M. Troffaes,0
Gerasimos Mileounis,0
Timothée Masquelier,0
Goran Glavaš,3
Hidetoshi Shimodaira,0
Marsha Meytlis,3
Hasan Sheikh Faridul,0
Vinay Bettadapura,8
Ofir Shalvi,0
Nathaniel Fairfield,0
Martin J. Tovée,0
Henry M. Wellman,0
Nico Görnitz,9
Mihai Gurban,4
Chris A. Cocosco,0
Konstantinos Daniilidis,0
Michalis Faloutsos,120
Roger Nkambou,79
Yasuhiro Mukaigawa,44
Andrea Fusiello,61
Katja Nummiaro,0
Victor Solo,0
Olivier Chabiron,0
Ofer Meshi,17
Constantin P. Niculescu,0
Michalis K. Titsias,29
Werner Plihal,0
Alice H. Eagly,0
Denis Paperno,3
Philippe Balbiani,73
Matthieu Cristelli,0
Ian J. Laurenzi,0
Jon Atli Benediktsson,0
Vladimir Grebinski,7
Alon Efrat,97
Kamel Jedidi,0
Jonas Kvarnström,0
Harsh Dweep,0
Terry Caelli,100
Antonio Pullini,20
Xavier Gabaix,0
Whitney K. Newey,0
Esha D. Nerurkar,0
Christy A. Tremonti,0
Robert L. Wolpert,4
Benoit Larose,27
Mika Klemettinen,17
Kenji Fukumizu,62
Gernot Längst,0
J. Bochnak,0
Thomas S. Shively,0
Jun Hatori,3
Nirmal Keshava,0
Tanya Schmah,0
Eli Peli,8
Christoph Guetter,0
Aharon Weissbrod,0
Michal Havlena,13
Thomas Wöhner,1
Bernat Corominas-Murtra,0
Martin Potthast,58
Gaetan de Lavilléon,0
Stavros Theodorakis,6
Norman Poh,48
Guy Gilboa,0
Benigno Uria,5
Sampsa Vanhatalo,0
Wojciech Skut,5
Vladimir Dobric,0
Stefan Pokorski,0
Varun Kanade,23
Leo M. Hurvich,0
Gunnar Rätsch,65
Jacek M. Zurada,68
Hitoshi Sakano,1
Brendan Klare,0
Peter Würtz,0
Christos Koufogiannakis,8
Jackie Assa,7
Blandine Lemercier,0
David Weikersdorfer,0
David Schnizlein,1
Frederic Bartumeus,0
Y. Makovoz,0
Sascha Geulen,2
Andreas Kaltenbrunner,28
Walter J. Savitch,84
Anna Gaszczak,0
Christian Laugier,50
Edson J. R. Justino,0
Naushad UzZaman,6
Carlo Baldassi,0
Ted Klastorin,0
Todd E. Scheetz,0
Walter F. Bodmer,0
Maks Ovsjanikov,48
Pedro J. García-Laencina,0
Harry Kesten,0
Hrvoje Markovic,0
Nicholas I. Sapankevych,0
Omer Bar-Ilan,0
Minsoo Rhu,20
Rasmus Resen Amossen,4
Brian McFee,14
Jack Lidmar,0
Frans Stokman,1
Fernando G. S. L. Brandao,12
Indranil Palit,11
Thomas Windheuser,0
Jüri Reimand,0
Zakir Durumeric,25
Jerzy Neyman,0
Róbert Busa-Fekete,34
Udo Kruschwitz,66
Steffen Börm,0
D. L. Burkholder,1
Kevin Klues,11
Marco Artina,0
Mohamed Elhoseiny,0
Ron Artstein,27
Akshay Balsubramani,0
Carlos Fernandez-Granda,0
Luca Oneto,26
Pedro García-Teodoro,32
Hichem Frigui,38
Mary Elaine Califf,17
Michael E. Moseley,0
Dominika Tkaczyk,6
Brody Huval,3
Miroslav Bačák,0
Miroslav Goljan,23
Polly Matzinger,0
Ioannis Psorakis,0
Paolo Budinich,0
Nahum Kiryati,0
Klaus Greff,0
Zaid J. Towfic,0
Cheng Guan Koay,0
Bernard Widrow,35
Elizabeth Hellmuth Margulis,0
Kevin W. Garey,0
Thomas P. Hettmansperger,0
Orazio Miglino,0
Alfredo Vellido,53
Nicolas Barnier,0
Hussein A. Abbass,116
Daniel Grünbaum,0
Penio S. Penev,0
Thomas Strohmer,0
Majid Bahrepour,0
Narasimhan Jegadeesh,0
Bharath Ramsundar,0
Elizabeth G. Wilbanks,0
Yves Raimond,17
Giorgos Stoilos,40
Cezary Z. Janikow,23
Parisa Haghani,6
Niranjan A. Subrahmanya,0
Alexis Guanella,0
Alexander Gluhak,20
Andrea Caragliu,0
Sami Kirolos,4
B. Douglas Bernheim,0
Chiaki Sakama,65
Nader Ebrahimi,0
Magnus Sahlgren,23
Elad Kravi,14
Layla Oesper,4
Antti Valmari,65
Serguei Kaniovski,0
Peter M. Gollwitzer,0
Nicolas Spyratos,109
Pascal Cachier,0
Michelangelo Puliga,0
Gregory Bateson,0
Olav Kallenberg,0
Steve Schifferes,4
Susanne Prediger,0
Michele Ceriotti,0
John Novatnack,0
Jan Lellmann,0
Richard Bödi,0
Martin Možina,21
Michael A. Yassa,0
Mehmet M. Dalkilic,19
Juan Antonio Pérez-Ortiz,14
Max Hinne,6
Pancho Tolchinsky,9
Stefano Curtarolo,1
Carina Silberer,3
Kim L. Boyer,0
Fiery Cushman,0
Eugene H. Spafford,136
Emil Saucan,0
Esther Thelen,0
Jean C. Augustinack,0
Pierre-Antoine Champin,21
Tomasz Malisiewicz,11
André Mouraux,0
Etienne Kneuss,6
Federico Ricci-Tersenghi,6
Arnold Irschara,4
Fortunato Pesarin,0
Brian McElree,0
Tichakorn Wongpiromsarn,8
Michael E. Saks,114
Yaniv Altshuler,0
Emanuel Sallinger,19
Frank Ball,0
Edgar Simo-Serra,16
Warren J. Ewens,1
Robert J. Schalkoff,22
Robert D. Skeel,50
Abraham Neyman,22
Christian F. Doeller,0
Marina A. Epelman,17
Jérémie Dubois-Lacoste,13
Cass R. Sunstein,5
Jeremy Fowers,17
Shebuti Rayana,2
Jean-Louis Dufresne,0
Angela A. Sodemann,3
Jukka Sarvas,0
David P. Vinson,0
Paul Heggarty,0
Anthony S. Kroch,2
Vartan Choulakian,0
Carl Branden,0
Benoit Mory,13
Bryan Horling,32
Newton Spolaôr,0
Serge Abiteboul,211
Richard J. Willke,0
Xavier Anguera,28
Etienne Corvee,0
Scott Grauer-Gray,3
Ralf Hartmut Güting,95
Giorgio Giacinto,77
Radim Tyleček,0
Laurent Massoulié,78
Thomas P. Minka,30
Gerhard Dziuk,0
Yasemin Bekiroglu,0
Meikel Poess,39
Rares Vernica,17
Maria Chudnovsky,72
Emanuele Lapponi,3
Ivan Srba,13
Marcela Munizaga,0
Gholamreza Salimi-Khorshidi,0
Luca Calatroni,0
Nina Narodytska,58
Fadi Biadsy,6
Shafi Goldwasser,127
Pedro Delicado,0
Kjetil Moløkken,4
Laurent Kneip,0
Harold Mouchère,0
Pierre Payeur,0
Aldo Montesano,0
Isabelle Rivals,7
Yaron Lipman,51
Kristian G. Olesen,0
Mark R. Morelande,0
David W. Deamer,0
Sabina Chiaretti,0
Mary Hayhoe,9
Hugo G. Schnack,0
Mostafa Rahimi Azghadi,4
Gilles Deslauriers,0
David M. Amodio,0
Zeev Collin,0
Nir Kalisman,0
Hazhir Rahmandad,11
Massimo Vergassola,0
Hassan Masum,10
Deepti Ghadiyaram,0
Teemu Ruokolainen,7
Mehdi Khamassi,8
Elchanan Mossel,90
Patrick Haggard,12
Bruno Scherrer,30
Harald Ganzinger,78
Adolf Friedrich Fercher,0
Mark M. Churchland,0
Noah Snavely,52
Grégoire Pointeau,4
Andrew J. Wathen,0
Heinrich Meyr,100
Christian J. A. Sigrist,0
Scott T. Grafton,12
Christian A. Naesseth,0
Albert Eschenmoser,0
Yann Landrin-Schweitzer,4
Thomas Bülow,0
Jens L. Eftang,0
Mustafa Özuysal,0
Christoph Leuenberger,0
Philippe Lambin,8
Steve DiPaola,43
Kaspar Riesen,54
Danny Weyns,146
Joseph L. Kirschvink,0
Syama Sundar Rangapuram,6
David A. Plaisted,86
Bruce D'Ambrosio,30
James A. Coan,3
Michael Kaus,0
Marcin Jurdzinski,38
Alain Cribier,0
Christian Borgelt,60
Peter Barnum,6
Bogumil Bartczak,0
Monica Monachini,19
Yuko Munakata,0
Christian Schellewald,0
Alexander Samarov,0
Hermann Borotschnig,0
Bill Kules,24
Emilie Lebarbier,0
Orly Alter,0
Kristinn R. Thórisson,30
Christopher J. Hazard,6
Nicolas Chauffert,0
Vishnu Naresh Boddeti,18
Behrooz Hashemian,0
Arthur Szlam,19
Stefan Horbelt,0
Johan Rohdin,0
Peter I. Cowling,45
David B. Buller,0
Michael Hüsken,0
Cosmin Ancuti,16
Tracy Holsclaw,0
Darko Zikic,0
Franz S. Hover,14
Nicholas Carlevaris-Bianco,0
Michael DeGiorgio,0
Paul E. Meehl,0
László Babai,113
Alexander Gammerman,0
Jayakrishnan Unnikrishnan,0
Caroline Bernard-Michel,0
Daniel Hienert,19
Bogdan S. Chlebus,85
Alexander Plopski,14
Andriana S. L. O. Campanharo,0
Khalid Sayood,32
Volker Tresp,113
Vân Anh Huynh-Thu,0
Gerald Friedland,98
Scott Lenser,9
Stavros Ntalampiras,13
Klaus Julisch,8
Ben Recht,2
Gary W. Oehlert,0
Serafeim Perdikis,3
Michael Patriksson,0
Alexandre Hyafil,0
Ilyes Jenhani,10
Lucie Flekova,1
Frank Buschmann,37
Semih Yagcioglu,0
Hans Forssberg,0
Oren Rippel,0
Kerstin Preuschoff,0
David M. Kreps,0
Edward H. Shortliffe,64
Bryan Hooi,31
Alexandros Chortaras,14
Irman Abdic,0
Fritz H. Schröder,0
Aris Filos-Ratsikas,28
Zvi Griliches,0
Olivier Pietquin,53
Eric T. Psota,2
Yitzhak Katznelson,0
Yde Venema,39
Laurent Itti,53
Chinmay Deepak Karande,0
Ingemar Nåsell,0
Adam Auton,0
Pierre Charbonnier,15
Helen V. Milner,0
Ender Konukoglu,0
Besmira Nushi,12
Allison Auchter,0
Viktoriia Sharmanska,0
Peter Szor,0
Fabian L. Wauthier,6
Andrea De Montis,0
Almir Mutapcic,8
Danilo Bzdok,0
R. Dolin,11
John Lamping,32
Marco Andreetto,0
Luigi Moccia,7
Michael M. O'Hear,0
Mrinal Kalakrishnan,0
Vikas C. Raykar,25
Asmir Vodenčarević,0
Matthieu Fradelizi,0
Daniel Szer,5
Sandro Meloni,3
Abbie E. Tippie,0
Sittichai Jiampojamarn,8
Thomas M. Gluecker,0
Giovanni Ciriello,2
Polina Mamoshina,0
Tolga Tasdizen,32
Joakim Jaldén,21
Tim Polzehl,10
Krzysztof Janowicz,86
Gaston L'Huillier,15
Shankar Vembu,15
Joan Alabort-i-Medina,6
Giovanni Semeraro,187
Langdon Winner,11
Amro El-Jaroudi,0
David C. Hoaglin,4
Joep Johannes Maria Kierkels,0
Martin Egelhaaf,0
Vittoria Colizza,1
Lisa Serir,0
Ingo R. Titze,1
Aurélien Garivier,14
Djurdje Cvijović,0
Farzin Barekat,0
Brian Potetz,0
Francesco Orabona,43
Avrum Spira,0
Maria Lianantonakis,0
Olivier Devolder,0
Andrea Gesmundo,6
Robert T. Schweller,38
Paul B. Kantor,44
Bogdan Savchynskyy,16
David Allouche,0
Jozef Dodziuk,0
Iffat A. Gheyas,0
Ulrich Paquet,25
Peter Sollich,30
Markus Hartenfeller,0
Raisa Z. Freidlin,0
Rachael I. Scahill,0
Georgios Petkos,11
Brian Drawert,6
Robert Bartle,0
David R. Perrott,0
Holger Kantz,9
Alfonso Caramazza,0
David L. Sackett,0
Islam Beltagy,0
Eric L. Schwartz,0
Gayatree Ganu,2
Dimitri Kartsaklis,0
Pradip Mainali,4
Claudia Clopath,0
Matthew N. O. Sadiku,29
Rachel Kizony,0
Yoav Y. Schechner,33
Agustina Buccella,14
Joanna Józefowska,0
Slawomir Goryczka,5
Alexandros Beskos,0
Chris H. Polman,0
Arun Hampapur,26
Paul A. Samuelson,0
Luca M. Ghiringhelli,0
Pim Moeskops,0
Eckart Zitzler,39
Supasorn Suwajanakorn,5
Wolf Singer,0
Stefan Thater,17
Alon Itai,59
Kenneth L. Judd,11
Yevgeni Berzak,0
Helmut Pottmann,116
William J. Godinez,0
Janis Janusevskis,0
Jerzy Kyparisis,0
Waheed U. Bajwa,0
Kira Radinsky,32
T Verplancke,0
Rasa Karbauskaitė,0
Dominik Ślęzak,100
Birgit Endrass,25
Albert Einstein,0
Scott Wehrwein,0
Ioana Popescu,0
Vladislav Kraevoy,10
Kathryn Hempstalk,0
Vincent T'Kindt,0
Juergen Schmidhuber,210
John J. Wyrick,0
Christian Bettstetter,56
Scott N. J. Watamaniuk,0
Venkat Kuppuswamy,0
Georgios Theocharous,31
Richard I. Kittredge,16
Sina Honari,6
Giulio Tononi,0
Ioannis A. Kakadiaris,54
John P. O'Doherty,0
Kunwadee Sripanidkulchai,21
Sergio Valcarcel Macua,0
Roland Speicher,0
Ondrej Hlinka,0
Joseph H. Callicott,0
Sebastiaan A. Terwijn,22
Eugenia Ternovska,25
Nanda C. de Knegt,0
Philippe Dreuw,12
Nanne van der Zijpp,0
Jérémie Mattout,0
Laura Chiticariu,28
Gaëlle Loosli,4
Åke Björck,0
Duygu Sarikaya,1
Anastassia Ailamaki,107
Sina Farsiu,0
Richard B. Silberstein,0
Aleksandar Zlateski,6
Yann Chevaleyre,35
Stanislaw Osowski,0
Paul M. Meaney,0
Yoshimasa Tsuruoka,44
Vladimir Svetnik,0
Isaac Z. Pesenson,0
Richard M. Caprioli,0
Adam Kendon,0
Neal S. Holter,0
Konstantinos V. Katsikopoulos,0
Marie Chavent,0
Alexander Balke,0
Heraldo Memelli,0
Georgios Kotsalis,0
Uwe Reyle,9
Tobias C. Potjans,0
M. Fatih Demirci,1
Djamila Sam-Haroud,16
Yves Chauvin,22
Jörg Liesen,0
Gabriel Skantze,31
Alexander I. Rudnicky,76
Robert Raussendorf,0
Lawrence O'Gorman,0
Miltiadis Allamanis,21
Jana Diesner,27
Anne-Marie Tousch,3
Arnulf B. A. Graf,0
Jussi Klemelä,0
Sinem Coleri,1
Udi Boker,20
Roger B. Fillingim,0
Alessandro Zamberletti,5
Larissa Albantakis,2
Nicolas Dobigeon,0
Walter C. Willett,0
Jacob Ziv,8
Wanlop Jaidee,0
Pavel Ircing,19
John E. Roemer,0
Simone Tini,41
Gul Moonis,0
Richard Zanibbi,39
Elena Punskaya,0
P. J. van Diest,0
Martin Rehn,7
Arthur M. Glenberg,0
Yehoshua Bar-Hillel,0
Danesh Tarapore,7
Daniel Yellin,32
Aki Vehtari,25
Srikanth Saripalli,0
Rahul S. Desikan,0
Stephan Bialonski,0
Chris Starmer,0
Fabrizio Riguzzi,58
Navid Shiee,0
Alexey Dosovitskiy,0
Emma Brunskill,64
Arik Senderovich,14
Gaute T. Einevoll,0
Vivek K Goyal,57
Malte Zöckler,3
Eric Neuscamman,0
Cédric Marchessoux,0
V. Bentkus,0
Styliani Petroudi,0
Roozbeh Kiani,0
Lucien Birgé,0
Francesco Renna,15
Franca Podo,0
Barend Mons,6
José Martínez Sotoca,0
Toby P. Breckon,0
Franco Zappa,0
Jerzy W. Jaromczyk,30
Katsushi Ikeuchi,164
Karl D. Fritscher,0
Curtis Roads,14
Marco Mamei,94
Evgeniy Gabrilovich,72
M. Birna van Riemsdijk,33
Christos Boutsidis,21
Simone Teufel,30
David M. Ceperley,0
Stefan Elfwing,10
Martin Hirzer,0
Wlodzimierz Drabent,34
Lefteris M. Kirousis,0
Aude Hofleitner,2
Eliseo Clementini,37
Bernd Hafenrichter,1
Greg Ver Steeg,7
Gerardo I. Simari,2
Umesh Rajashekar,4
Stephen P. Stich,0
Ville Ojansivu,0
Shripad Kondra,0
Charles ReVelle,20
Ion Androutsopoulos,32
Thomas L. Magnanti,50
Thomas Akam,0
Vladlen Koltun,86
Peter J. Ramadge,0
Youcef Saad,127
Giorgos Karafotias,10
Hadi Hadizadeh,0
David R. Cok,18
Garold Stasser,0
Ramon van Handel,7
Reinhold Meise,0
James M. Robins,11
Ernesto Diaz-Aviles,25
Gabriel Kreiman,0
Claire Boutet,0
Mario Medvedovic,0
Wlodzimierz Bryc,0
William H. Greene,0
M. A. Balafar,0
Predrag Radivojac,22
Tom J. Ameloot,17
Tony Abou-Assaleh,11
Sem C. Borst,106
Zeev Barzily,0
Oksana Samko,0
David Aldous,0
Matthias B. Hullin,33
Botond Cseke,8
Patrick Jaillet,62
Olivier Ledoit,0
Zaid Harchaoui,34
Finley Lacatusu,6
Altannar Chinchuluun,0
Cody E. Hinchliff,0
Keith Winstein,28
Daniel Lokshtanov,150
Susanna Röblitz,0
Roland Billen,0
Peter A. Flach,150
Kerstin Klöckner,8
Niko Kiukkonen,3
Daniele Cerra,0
Jack Mostow,68
Bugra Gedik,80
Nicholas Mattei,61
Stacy K. Lukins,5
Abraham Lempel,44
Leonhard Knorr-Held,0
Emmanuel Bacry,10
Guy Theraulaz,0
Damon Mosk-Aoyama,9
Bradley M. Broom,0
William M. Spears,33
Philippe Doyen,0
Avram Hershko,0
Payman Mohassel,30
Philip C. Hanawalt,0
Andrea Brovelli,0
A. Fuchs,6
Ville Hautamäki,19
Rudy Moddemeijer,0
Christelle Gendrin,0
Vincent Wiegel,0
Fereidoun A. Mianji,0
Elizabeth D. Mynatt,142
Simon Tavaré,0
Nico Galoppo,17
Emmanuel Procyk,0
Dale Schuurmans,136
Evlampios E. Apostolidis,12
Ralf Kornhuber,0
Robert Oostenveld,0
Ilan Ziskind,0
Francesco Banterle,31
Michael Yudelson,29
Luciano Spinello,0
Martin Köstinger,0
Nicolae Duta,0
Hiyan Alshawi,33
Isabelle Augenstein,11
Fréderic Godin,5
Abderrahmane Kefali,0
Jaroslaw Byrka,35
Dimitrios S. Alexiadis,17
Daniele Pighin,18
Ronald W. Ritchey,0
Karen B. Schloss,0
Olivier Romain,14
Alejandro Perdomo-Ortiz,0
Wolf Kienzle,14
Hans-Jürgen Bandelt,0
Natasha Sigala,0
Gabrielle Demange,0
Herbert L. Gelernter,0
Carl Robert Blesius,0
Ronan Sicre,6
Facundo Bromberg,9
Larry S. Yaeger,10
René van Bevern,15
Natasha Gelfand,22
Xu Liming,1
Ozalp Babaoglu,111
Matthew Meyerson,0
Laura Rimell,12
Imran N. Junejo,24
Kepa Ruiz-Mirazo,0
Ian J. Goodfellow,1
Sylvain Hocquet,0
Jan de Leeuw,0
Stefano Borgo,25
Stefan Leutenegger,0
Tamir Bendory,0
Michael Greenacre,0
Rodrigo Hamede,0
Alexander Statnikov,18
Martin Boerlin,0
Natalia Neverova,0
Kapil Vaswani,34
Victoria Southgate,0
Faizan Sahigara,0
Amir H. Banihashemi,32
Dante C. Youla,0
David Swinney,0
Yukio Pegio Gunji,34
Yoav Shechtman,0
Thomas Lansdall-Welfare,4
Andreas Stuhlmüller,5
Chatchawal Wongchoosuk,0
Peter A. Covitz,0
Volodymyr Melnykov,14
Erik M. Volz,0
Ali H. Shoeb,2
Gabriel Synnaeve,0
Hamid R. Berenji,0
Filip Sroubek,0
Andreas Knoblauch,0
Heinz H. Bauschke,45
Roland Bremond,10
Predrag R. Bakic,0
Geoffrey Grimmett,0
Pawel Korus,0
Gilbert Strang,0
Cameron Musco,20
Oliver J. Rider,0
Karthik Dantu,10
Carroll E. Izard,0
Erkki Oja,83
Elke Achtert,19
Kedar Bellare,11
Emilia Mendes,126
Devanshu Dhyani,6
Bernd Souvignier,5
Laurene V. Fausett,0
M. A. Khajehnejad,0
Mira Ariel,0
Hamed Masnadi-Shirazi,8
Peter Kairouz,15
John Maynard Keynes,0
Engin Türetken,0
Tom Carchrae,0
Kagan Tumer,113
Joshua Letchford,21
Sam Mavandadi,0
Ming-Zher Poh,6
Matthias Bröcheler,7
Porjai Pattanittum,0
Joel N. Hirschhorn,0
Oleksii Kuchaiev,0
Ramnath Balasubramanyan,6
Charles J. Geyer,0
Eszter Lakatos,0
Didier Gonze,0
Israel Dejene Gebru,0
Omar Montano-Rivas,0
Gianluca Gennarelli,0
Todd K. Moon,0
Fabio Ciulla,0
Ezequiel A. Di Paolo,9
Chris J. Lintott,0
Matej Artač,9
Brian C. Kersh,0
Hidetoshi Nishimori,0
Andreas Vlachos,16
Alexey Stomakhin,18
Alexander A. Sherstov,41
Harini Sridharan,1
Imre Derényi,0
Mohammad Abdelaziz Gowayyed,0
Tiark Rompf,61
Zsolt Miklós Kovács-Vajna,0
Cem Akkaya,7
Sophie Lèbre,0
William J. Cukierski,0
Lewis H. Kuller,0
Francis H. Harlow,1
Daniel Hardt,11
Vladimir Risojevic,0
Jennifer M. Yentes,0
Alexandros Kalousis,37
Dario D. Salvucci,31
Shokoofeh Pourmehr,4
Odalric-Ambrym Maillard,23
Denis Le Bihan,0
Benoît Crabbé,9
A. Jefferson Offutt,33
Nataliya Shapovalova,0
Tomohiro Mitsumori,3
John William Charnley,0
Dirk Weissenborn,0
Irene Cantone,0
Mustafa Ayazoglu,0
Ilia Lotosh,2
Thierry Moyaux,10
Zohreh Sanaei,0
Alexander Ivanovich Aptekarev,0
Adrian Broadhurst,0
Fredrik Lindsten,13
Tim Pohle,17
Daniele Riboni,45
Erik Ordentlich,35
Elena Zheleva,21
Stamatios N. Sotiropoulos,0
Tushar Khot,23
Anja L. Dorrn,0
Jacques Feldmar,0
Gianluca Stringhini,66
Yvan Saeys,33
Adel Javanmard,16
Marc Denecker,97
María Dolores Pérez-Godoy,16
Adrian Dobra,8
Jérôme Dedecker,0
Andrea Schaerf,65
Miguel A. Fortuna,0
Simina M. Boca,0
Philipp Schwartenbeck,0
Luis Montesano,14
Nelly Pustelnik,0
Oded Regev,87
Soeren S. Lienkamp,0
Roland Thiollière,0
Daren C. Brabham,0
Alexa Riehle,0
Kevin McGoff,0
Walter Wohlkinger,0
Björn Wittenmark,0
Rodrigue Oeuvray,0
Pablo Gervás,66
Roger S. Pressman,0
Francesc Esteva,0
Petr Svestka,0
Maria P. Bambo,0
Andrew Kae,7
Reija Autio,0
Balaji Lakshminarayanan,10
Somayeh Sojoudi,13
Duygu Kuzum,0
Olivier Commowick,0
Katrin Honauer,0
Anna Karahaliou,0
Deniz Erdogmus,103
Pinar Muyan-Ozcelik,0
Tal El-Hay,7
Jonathan R. Wolpaw,4
Umer Farooq,37
Martin Byröd,0
S. Helena Taivainen,0
Omar Mehanna,0
Clementine Nyirarugira,0
Ezequiel López-Rubio,0
Antonín Kučera,84
Giorgio Metta,34
Stéphane M. Meystre,8
Josep M. Gonfaus,0
Nut Limsopatham,18
Michelle Yik,0
Haim Brezis,0
Sevan G. Ficici,18
Carlos E. Vargas-Irwin,0
Subrahmanyam Murala,14
Michele Cossalter,0
Takayuki Okatani,34
Sergey Melnik,40
Claudiu Raicu,0
Arthur C. Sanderson,28
Harry Groenevelt,0
Stefan Leijnen,1
Ilias Bilionis,0
Maurizio Zazzi,7
Frank Y. Shih,62
Mathias Beiglböck,0
Michele Starnini,0
Thomas Vogelsang,2
Bahadir Karasulu,0
Alessio Moneta,0
Sebastian Risi,56
Walid M. Abdelmoula,0
Peter L. Bartlett,121
Lars Bretzner,14
Christopher S. Henshilwood,0
Silvio Ghilardi,42
Lisa F. Rau,1
Karl Pichotta,0
Mahesh K. Varanasi,0
Marco Cornolti,6
Andrea Lancichinetti,1
Brendan McCane,29
Michael Montemerlo,14
Willem Robert van Hage,30
Martin Treiber,19
Miroslav N. Velev,44
Balazs Kozma,0
Nis Hjortskov,0
Venu Satuluri,11
Thomas Abeel,8
Bernd Bullnheimer,0
Mayuresh V. Kothare,12
Przemysław Wojtaszczyk,0
Sylvain Saïghi,0
Marco Santello,0
Fredrik Ronquist,0
Javier Ruiz-del-Solar,0
Daniel Marcu,70
Christoph Bernau,0
Petr Felkel,5
Olivier Catoni,0
Steffen Smolka,6
Helen Couclelis,0
Ayelet Dominitz,0
Tomas Axling,0
Daniel C. Koboldt,0
Juri Luca De Coi,16
Silvia Bonettini,0
Nicole K. Speer,0
Filip Ginter,16
Igor S. Pandžić,54
Tomasz Jurczyk,1
Josep Sardanyés,0
Geir Evensen,0
Csaba Kelemen,0
Ali Shahrokni,17
Ariane Herbulot,11
Mohammad Adibuzzaman,10
Avinash Dixit,0
Ronen Talmon,3
Pedro Galeano,0
Robert E. Bechhofer,2
Robert S. Zucker,0
Dominic W. Massaro,17
Thomas Bashford-Rogers,24
Mikkel Thorup,177
Kerstin Dächert,0
Heikki Topi,82
Wolfgang Förstner,0
Vincent Miele,0
Giovanni Pellacani,0
Richard Courant,0
Aris Daniilidis,0
Simon Dooms,15
Vanessa Murdock,49
Koji Tsuda,38
Robin Pemantle,0
Marianna Obrist,102
Goran Topić,9
E. Mazor,0
Meliha Yetisgen-Yildiz,14
Dmitry Datsenko,0
W. Lukosz,0
Yulia Golland,0
Hakim Weatherspoon,65
Klaus H. Maier-Hein,0
Martin L. Hazelton,0
Khairil Imran Ghauth,1
Carsten F. Dormann,0
Toni Giorgino,0
Raymond W. Ptucha,0
Faysal Boughorbel,0
Daniel Gottesman,20
Teemu Kivioja,0
Lokendra Shastri,22
Elie Bienenstock,13
Bart Krekelberg,0
Eric R. Kandel,0
Okito Yamashita,0
Andrew Whiten,0
Gilles Pisier,2
Bijan Parsia,90
David Titterton,0
Matthew S. Caywood,0
Mehreen Adhi,0
Shahab Tasharrofi,0
Zeyuan Allen-Zhu,33
Payman Yadollahpour,0
Walaa Medhat,0
Stephen Milborrow,0
Jeroen G. W. Raaijmakers,0
Alon Faktor,0
Roberto Brunelli,25
Carolyn J. Crouch,23
Abhinav Valada,6
Rasmus Pagh,85
David J. Wales,0
Yaniv Bernstein,9
Dana Lahat,0
Alain Crouzil,11
Gerd Ronning,0
Ben Glocker,0
Helena De Preester,0
James W. Tanaka,0
Marie Chupin,0
Ali Gannoun,0
Pavel Kroupa,0
Adas Gelzinis,0
Nikolaos V. Sahinidis,38
Josep Malvehy,0
John Quackenbush,1
Michael S. Zhdanov,6
Paul Slovic,4
Gil Kalai,32
James M. Sabatier,0
Francisco J. Valverde-Albacete,17
Rudolf Arnheim,0
Chris Adami,29
Adam R. Aron,0
Roummel F. Marcia,18
Lotfi Lakhal,38
Emmanouil Froudarakis,0
Eduardo Cotilla-Sanchez,8
Khuloud Jaqaman,0
Sylvie Szulman,0
Mortaza Jamshidian,0
Duncan A. Buell,31
Cäcilia Zirn,0
Richard W. Brislin,0
Reut Tsarfaty,13
Arne Barinka,0
Teresa Alsinet,25
Manabu Ichino,0
S.P. Hirshman,0
Leszek Gasieniec,130
Frank Neven,101
Oxana Ye. Rodionova,0
Punam K. Saha,0
Laura M. Heiser,0
Andrea Puglisi,0
Ch. Yèche,0
Uwe Waldmann,0
Gordon K. Smyth,0
Enrico Giusti,0
Vamsi K. Potluru,0
Abel Gonzalez-Garcia,4
Ian Affleck,0
Lauren B. Resnick,2
Jeff S. Shamma,40
Maruan Al-Shedivat,8
Hajo Holzmann,0
Nelson J. Trujillo-Barreto,0
Malcolm James Beynon,0
Stephen J. Sheinkopf,0
Anne Sabourin,0
Georg Gottlob,299
Feliks Nüske,0
Mieczyslaw M. Kokar,42
Grégoire Nicolis,0
Paul Boersma,4
Photini Kiepiela,0
Edvard I. Moser,0
Yossi Matias,106
Robert E. Broadhurst,0
Sheldon L. Messinger,0
Brian Hilligoss,3
Thomas Bonfort,0
Frank Schilder,23
Raúl Martín-Félez,0
Christopher R. Cabanski,0
Ravi B. Boppana,21
Edward R. Tufte,0
Markus Svensén,0
Brian Dalessandro,10
Kshitij Khare,0
Adriano M. Garsia,0
Felicity Hasson,0
Kim D. Pruitt,0
Alexandros Iosifidis,0
Urban Johanson,0
Acar Tamersoy,14
Denis Nekipelov,8
James J. Heckman,0
Brian R. Glasberg,0
Shumeet Baluja,53
Gaurav Tandon,5
Cédric Herzet,0
Georg Heinze,0
Carmen Vidaurre,0
Jure Leskovec,164
Brian P. Clarkson,0
Roberto Marmo,0
Alexandre Aussem,0
Oliver B. Downs,0
Nathalie Henry Riche,42
Euhanna Ghadimi,9
Xavier Baró,34
Behrouz Touri,6
A. John Camm,0
Pashootan Vaezipoor,0
Michal Sofka,0
Steven M. Shugan,0
Naoki Nariai,0
Simon Lucey,34
Nicholas D. Socci,0
William Pettersson-Yeo,0
Christian Berthomier,0
Yoah Bar-David,1
Ian M. Bullock,0
Marco Gerlinger,0
Andrew Ortony,12
Horatio Boedihardjo,0
R. Mark Henkelman,0
Michael J. McGeachie,0
Kenneth Hullett,8
Mattias Wahde,12
Gábor Tardos,86
Katy Wolstencroft,21
Piotr Bojanowski,0
Hamdi Dibeklioglu,20
Jørgen Christensen-Dalsgaard,0
Barbara Drossel,0
Philip X. Joris,0
Robert A. Legenstein,0
David Cossock,0
Artus Krohn-Grimberghe,6
William Fulton,0
Daniel M. Dunlavy,6
Oliver M. Duschka,7
Shang Mingsheng,18
Willem Waegeman,30
Bijan Afsari,0
Steffen Unkel,0
David Tolpin,14
Ilya Shmulevich,0
Paul W. Fieguth,0
Richard C. Dubes,0
Peter W. O'Hearn,81
Hannah Bast,52
Eva Zangerle,22
Ali Ghodsi,55
Jerome H. Barkow,0
Andreas Junghanns,0
Nikos Mamoulis,172
Sebastian Schaffert,5
John F. Horty,27
Norbert Schuch,0
Pierpaolo Battigalli,1
Quentin S. Hanley,0
Ken A. Dill,4
Yukiyasu Kamitani,8
Kimberly F. Sellers,0
Krzysztof Dembczyński,45
Fabian Mörchen,11
Pranas Zunde,0
Anton Kühberger,0
Florent Nicart,11
Lucas P. J. J. Noldus,8
Nicolas Grevesse,0
Michel Regenwetter,0
Soude Fazeli,4
Son Lam Phung,0
Christian Körner,18
Sina Jahanbin,0
Sebastian Nowozin,44
Sofia C. Olhede,0
Daniel R. Dooly,8
Arif Jinha,0
Othon Michail,27
Olutobi Owoputi,0
James Newling,0
Jaap C. Reijneveld,0
Nadia Soleman,0
Christopher M. Hirata,0
Martin Toeltsch,0
Assaf Zomet,0
Marco Tomassini,102
Jean-Marc Montanier,8
William S. Hlavacek,12
Angela Eigenstetter,0
Ramzi Ben Larbi,0
Franz J. Király,10
Maria Faurholt-Jepsen,10
Rüdiger W. Brause,0
Mikalai Tsytsarau,10
Jose Luis Silvan-Cardenas,0
Raphaël Féraud,18
Ivan A. Sag,4
Jelena Ignjatović,0
Guray Erus,0
Peter Klibanoff,0
Sven Bambach,5
Serafim Opricovic,0
Martin Dierolf,0
Robert A. Gonsalves,0
Thomas Gärtner,35
Luc De Raedt,206
Olivier Duchenne,0
Masamichi Shimosaka,35
Sebastian Stober,21
Duygu Balcan,0
Alessandro Margara,39
Einat Minkov,26
Gianni Dal Maso,0
P. Abrial,0
Markus C. Knauer,0
Thorsten Thadewald,0
Jonathan W. Mink,0
Christian Rutz,0
Camilo Dagum,0
Hans G. Feichtinger,0
Roger J. Kreuz,4
Gershon Buchsbaum,0
Daniel H. Leventhal,5
Marius Pasca,54
Ilke Öztekin,0
Bamshad Mobasher,126
Krishna Kiran Mukkavilli,0
Jae Kyu Suhr,0
John Moult,7
Thierry Ranchin,0
Stephen Karpinskyj,0
Matthew Rabin,0
Swapna Buccapatnam,8
Kristiina Jokinen,44
George Athanasopoulos,0
Tove Faber Frandsen,16
Frédéric Courteille,0
Pierre Duchesne,0
Michael Woodroofe,0
Shohei Hido,11
Stephen J. Kish,0
Claudia Czado,0
E. J. Hannan,1
Uwe Jandt,0
Jens-Rainer Ohm,18
Gilad J. Kuperman,0
Yuji Nakatsukasa,16
Philippe Pinel,8
Antonio Iovanella,0
Elizabeth L. Murnane,42
Wouter Kool,0
Benjamin W. Tatler,0
Tomasz Kusmierczyk,8
Juho Kokkala,0
Valerio Bertone,0
Ulrich Essmann,0
Ben Langmead,1
Mohammad Golbabaee,6
Mark Briers,4
Yakir Aharonov,0
Jennifer Dolson,6
Mohammad Ghavamzadeh,66
Takahiko Kusakabe,0
Patrick Rubin-Delanchy,0
Nikos G. Tsagarakis,0
Misha Denil,12
Dervis Karaboga,0
Shervin Ardeshir,0
Andreas Christmann,17
Michael H. Birnbaum,0
Bin Dong,18
Christian Thiffault,0
Richard Bonneau,1
Peter W. Frey,0
Agustin Ifarraguerri,0
Ricardo Beira,0
Vera Hofer,0
Michael Gamon,36
George Mandler,0
Ramon López de Mántaras,47
Philippe Poggi,0
Alaa Saade,0
Sharon Rose Clay,2
Garrett Warnell,10
Anke Lüdeling,4
Oliver Schulte,41
Hilan Bensusan,0
Salah Sukkarieh,0
Michael N. Huhns,134
Dmitrii O. Logofet,0
Richard H. MacNeal,0
Germund Hesslow,0
Karthik Dinakar,10
Philipp Hennig,24
Yoram Bresler,0
Bernhard Hollunder,16
Ondrej Jamriska,0
Catherine A. Calder,0
Mohamed Maamouri,3
D. Mortlock,0
Zorana Jančić,0
V. V. Anshelevich,0
Jan Hasenauer,0
Neil T. Clancy,0
Martin Stemmler,0
Sotiris Diplaris,10
Charles J. Alpert,97
Matthias Bethge,25
R. A. Fisher,0
Tal Hassner,30
Ioan Alexandru Sucan,0
Luke K. McDowell,18
Dennis Spohr,5
Jörg Tiedemann,29
Ferhan Türe,20
Serge Gaspers,80
Rafael E. Banchs,44
Christian Wojek,0
Jarkko Salojärvi,7
Nate Hagbi,12
Shlomo Hoory,0
Karen H. L. Tso,1
Ville Tolvanen,2
Symeon Chouvardas,0
Paolo Carnevali,0
Cindy Gallois,1
Frantisek Grezl,0
Stergios Christodoulidis,3
Beñat Zapirain,4
Arthur W. Mahoney,4
Boris Podobnik,0
Faruck Morcos,6
Borja Vázquez-Barreiros,0
Vinayak R. Borkar,30
Stephan Waldert,0
Xavier Marichal,6
Anouk G.W. van Norden,0
Nicodemos Damianou,0
Michael C. Schatz,7
Gaël Chételat,0
Claudia Peersman,7
Yair Neuman,19
Taylor Berg-Kirkpatrick,15
Hein Putter,0
Nicola Di Mauro,45
Anatoly Klypin,0
Anton Sirota,0
Fabrice Heitz,0
Gabriel Peyré,56
Anastasios Tombros,42
Mohammadali Khosravifard,0
Alexander Korostelev,0
Coen Bernaards,0
Timothy Ragan,0
Sylvia Ratnasamy,93
John C. Mazziotta,1
Zoltan-Csaba Marton,0
Davide Conigliaro,0
Robert Remus,0
Jagannadan Varadarajan,17
Abdelhak M. Zoubir,62
Christian Vollmar,0
Michael Gygli,9
Guillaume Rabusseau,6
Karl von Frisch,0
Paul Damien,8
David Peleg,333
Alberto M. Biancardi,0
Michel Benaïm,0
Noam Nisan,156
Keith Devlin,8
Sebastian Zöllner,0
Carl W. Helstrom,0
Jouni Luukkainen,0
Christian Richardt,31
Maurizio Falcone,0
Sophie Achard,0
Aleksandar Chakarov,10
Thom W. Frühwirth,46
Bruce G. Trigger,0
Stephen J. Maybank,119
Greg Ridgeway,9
Sabry Razick,0
Justyna Jozefczuk,0
Dedre Gentner,1
Brendan Lucier,73
Thomas Flury,0
James T. Dobbins,0
Nihat Ay,15
Stavros Vassos,24
Christian Cumbaa,2
Andreas Veit,9
J. Craig Venter,1
Robert M. MacCallum,4
Bertrand Thirion,56
David Crystal,0
Alexandre Bouchard-Côté,18
Amarnag Subramanya,12
Keith H. Chiappa,0
Julien Tierny,27
Lars Buitinck,4
Mohammad Azzeh,20
